<annotation verified="no">
  <folder>image</folder>
  <filename>day-seaside-100m-90c__frame_3100</filename>
  <path>D:\roLabelImg\image\day-seaside-100m-90c__frame_3100.jpg</path>
  <source>
    <database>Unknown</database>
  </source>
  <size>
    <width>3840</width>
    <height>2160</height>
    <depth>3</depth>
  </size>
  <segmented>0</segmented>
  <object>
    <type>robndbox</type>
    <name>boat</name>
    <pose>Unspecified</pose>
    <truncated>0</truncated>
    <difficult>0</difficult>
    <robndbox>
      <cx>995.7659</cx>
      <cy>1639.8692</cy>
      <w>152.3094</w>
      <h>233.6698</h>
      <angle>0.04</angle>
    </robndbox>
  </object>
  <object>
    <type>robndbox</type>
    <name>boat</name>
    <pose>Unspecified</pose>
    <truncated>0</truncated>
    <difficult>0</difficult>
    <robndbox>
      <cx>1727.0</cx>
      <cy>1630.2368</cy>
      <w>88.0</w>
      <h>267.0</h>
      <angle>0.0</angle>
    </robndbox>
  </object>
  <object>
    <type>robndbox</type>
    <name>boat</name>
    <pose>Unspecified</pose>
    <truncated>0</truncated>
    <difficult>0</difficult>
    <robndbox>
      <cx>647.5</cx>
      <cy>2009.7368</cy>
      <w>163.0</w>
      <h>272.0</h>
      <angle>0.0</angle>
    </robndbox>
  </object>
  <object>
    <type>robndbox</type>
    <name>boat</name>
    <pose>Unspecified</pose>
    <truncated>0</truncated>
    <difficult>0</difficult>
    <robndbox>
      <cx>1779.5</cx>
      <cy>2115.3684</cy>
      <w>99.0</w>
      <h>87.2632</h>
      <angle>0.0</angle>
    </robndbox>
  </object>
  <object>
    <type>robndbox</type>
    <name>boat</name>
    <pose>Unspecified</pose>
    <truncated>0</truncated>
    <difficult>0</difficult>
    <robndbox>
      <cx>2309.5</cx>
      <cy>2099.2368</cy>
      <w>91.0</w>
      <h>119.0</h>
      <angle>0.0</angle>
    </robndbox>
  </object>
  <object>
    <type>robndbox</type>
    <name>boat</name>
    <pose>Unspecified</pose>
    <truncated>0</truncated>
    <difficult>0</difficult>
    <robndbox>
      <cx>2097.36</cx>
      <cy>1660.7835</cy>
      <w>112.1458</w>
      <h>254.6199</h>
      <angle>0.05</angle>
    </robndbox>
  </object>
  <object>
    <type>robndbox</type>
    <name>boat</name>
    <pose>Unspecified</pose>
    <truncated>0</truncated>
    <difficult>0</difficult>
    <robndbox>
      <cx>2303.86</cx>
      <cy>1685.2835</cy>
      <w>138.0642</w>
      <h>272.3467</h>
      <angle>0.05</angle>
    </robndbox>
  </object>
  <object>
    <type>robndbox</type>
    <name>boat</name>
    <pose>Unspecified</pose>
    <truncated>0</truncated>
    <difficult>0</difficult>
    <robndbox>
      <cx>2471.86</cx>
      <cy>1710.2835</cy>
      <w>138.0642</w>
      <h>272.3467</h>
      <angle>3.081593</angle>
    </robndbox>
  </object>
  <object>
    <type>robndbox</type>
    <name>boat</name>
    <pose>Unspecified</pose>
    <truncated>0</truncated>
    <difficult>0</difficult>
    <robndbox>
      <cx>2771.3939</cx>
      <cy>1711.5443</cy>
      <w>191.3331</w>
      <h>278.9264</h>
      <angle>0.19</angle>
    </robndbox>
  </object>
  <object>
    <type>robndbox</type>
    <name>boat</name>
    <pose>Unspecified</pose>
    <truncated>0</truncated>
    <difficult>0</difficult>
    <robndbox>
      <cx>1952.2546</cx>
      <cy>1656.281</cy>
      <w>128.5906</w>
      <h>268.5754</h>
      <angle>0.07</angle>
    </robndbox>
  </object>
  <object>
    <type>robndbox</type>
    <name>boat</name>
    <pose>Unspecified</pose>
    <truncated>0</truncated>
    <difficult>0</difficult>
    <robndbox>
      <cx>2968.0954</cx>
      <cy>1188.4221</cy>
      <w>73.2586</w>
      <h>220.5666</h>
      <angle>0.05</angle>
    </robndbox>
  </object>
  <object>
    <type>robndbox</type>
    <name>ignored</name>
    <pose>Unspecified</pose>
    <truncated>0</truncated>
    <difficult>0</difficult>
    <robndbox>
      <cx>764.5</cx>
      <cy>1972.2368</cy>
      <w>163.0</w>
      <h>171.0</h>
      <angle>0.0</angle>
    </robndbox>
  </object>
  <object>
    <type>robndbox</type>
    <name>ignored</name>
    <pose>Unspecified</pose>
    <truncated>0</truncated>
    <difficult>0</difficult>
    <robndbox>
      <cx>1429.2781</cx>
      <cy>1952.342</cy>
      <w>339.6859</w>
      <h>99.2854</h>
      <angle>0.04</angle>
    </robndbox>
  </object>
  <object>
    <type>robndbox</type>
    <name>ignored</name>
    <pose>Unspecified</pose>
    <truncated>0</truncated>
    <difficult>0</difficult>
    <robndbox>
      <cx>3062.9041</cx>
      <cy>1153.1421</cy>
      <w>424.7747</w>
      <h>100.4094</h>
      <angle>1.81</angle>
    </robndbox>
  </object>
  <object>
    <type>robndbox</type>
    <name>person</name>
    <pose>Unspecified</pose>
    <truncated>0</truncated>
    <difficult>0</difficult>
    <robndbox>
      <cx>3040.0</cx>
      <cy>759.8529</cy>
      <w>26.0</w>
      <h>22.0</h>
      <angle>0.0</angle>
    </robndbox>
  </object>
  <object>
    <type>robndbox</type>
    <name>person</name>
    <pose>Unspecified</pose>
    <truncated>0</truncated>
    <difficult>0</difficult>
    <robndbox>
      <cx>3027.5</cx>
      <cy>788.3529</cy>
      <w>31.0</w>
      <h>29.0</h>
      <angle>0.0</angle>
    </robndbox>
  </object>
  <object>
    <type>robndbox</type>
    <name>person</name>
    <pose>Unspecified</pose>
    <truncated>0</truncated>
    <difficult>0</difficult>
    <robndbox>
      <cx>3060.0</cx>
      <cy>777.8529</cy>
      <w>26.0</w>
      <h>24.0</h>
      <angle>0.0</angle>
    </robndbox>
  </object>
  <object>
    <type>robndbox</type>
    <name>person</name>
    <pose>Unspecified</pose>
    <truncated>0</truncated>
    <difficult>0</difficult>
    <robndbox>
      <cx>3072.4486</cx>
      <cy>889.0295</cy>
      <w>26.6204</w>
      <h>17.0478</h>
      <angle>2.851593</angle>
    </robndbox>
  </object>
  <object>
    <type>robndbox</type>
    <name>person</name>
    <pose>Unspecified</pose>
    <truncated>0</truncated>
    <difficult>0</difficult>
    <robndbox>
      <cx>3081.8202</cx>
      <cy>918.1222</cy>
      <w>33.4804</w>
      <h>21.952</h>
      <angle>2.851593</angle>
    </robndbox>
  </object>
  <object>
    <type>robndbox</type>
    <name>person</name>
    <pose>Unspecified</pose>
    <truncated>0</truncated>
    <difficult>0</difficult>
    <robndbox>
      <cx>2973.8202</cx>
      <cy>558.1222</cy>
      <w>33.4804</w>
      <h>21.952</h>
      <angle>2.851593</angle>
    </robndbox>
  </object>
  <object>
    <type>robndbox</type>
    <name>boat</name>
    <pose>Unspecified</pose>
    <truncated>0</truncated>
    <difficult>0</difficult>
    <robndbox>
      <cx>920.2189</cx>
      <cy>800.1224</cy>
      <w>131.6818</w>
      <h>257.5289</h>
      <angle>1.35</angle>
    </robndbox>
  </object>
  <object>
    <type>robndbox</type>
    <name>boat</name>
    <pose>Unspecified</pose>
    <truncated>0</truncated>
    <difficult>0</difficult>
    <robndbox>
      <cx>637.5947</cx>
      <cy>227.1455</cy>
      <w>208.9383</w>
      <h>288.2536</h>
      <angle>2.86</angle>
    </robndbox>
  </object>
  <object>
    <type>robndbox</type>
    <name>boat</name>
    <pose>Unspecified</pose>
    <truncated>0</truncated>
    <difficult>0</difficult>
    <robndbox>
      <cx>1006.8943</cx>
      <cy>334.1705</cy>
      <w>161.729</w>
      <h>244.7599</h>
      <angle>0.038407</angle>
    </robndbox>
  </object>
  <object>
    <type>robndbox</type>
    <name>boat</name>
    <pose>Unspecified</pose>
    <truncated>0</truncated>
    <difficult>0</difficult>
    <robndbox>
      <cx>1256.8943</cx>
      <cy>181.1705</cy>
      <w>148.0465</w>
      <h>253.2916</h>
      <angle>0.038407</angle>
    </robndbox>
  </object>
  <object>
    <type>robndbox</type>
    <name>boat</name>
    <pose>Unspecified</pose>
    <truncated>0</truncated>
    <difficult>0</difficult>
    <robndbox>
      <cx>1629.3943</cx>
      <cy>173.6705</cy>
      <w>106.6544</w>
      <h>243.874</h>
      <angle>0.038407</angle>
    </robndbox>
  </object>
  <object>
    <type>robndbox</type>
    <name>boat</name>
    <pose>Unspecified</pose>
    <truncated>0</truncated>
    <difficult>0</difficult>
    <robndbox>
      <cx>1731.1323</cx>
      <cy>159.3751</cy>
      <w>83.2699</w>
      <h>247.7968</h>
      <angle>2.99</angle>
    </robndbox>
  </object>
  <object>
    <type>robndbox</type>
    <name>boat</name>
    <pose>Unspecified</pose>
    <truncated>0</truncated>
    <difficult>0</difficult>
    <robndbox>
      <cx>2020.4041</cx>
      <cy>382.6671</cy>
      <w>88.8849</w>
      <h>241.1948</h>
      <angle>3.03</angle>
    </robndbox>
  </object>
  <object>
    <type>robndbox</type>
    <name>boat</name>
    <pose>Unspecified</pose>
    <truncated>0</truncated>
    <difficult>0</difficult>
    <robndbox>
      <cx>1986.4041</cx>
      <cy>106.1076</cy>
      <w>86.3888</w>
      <h>209.5909</h>
      <angle>3.11</angle>
    </robndbox>
  </object>
  <object>
    <type>robndbox</type>
    <name>boat</name>
    <pose>Unspecified</pose>
    <truncated>0</truncated>
    <difficult>0</difficult>
    <robndbox>
      <cx>2626.8171</cx>
      <cy>43.196</cy>
      <w>117.8119</w>
      <h>82.7118</h>
      <angle>3.11</angle>
    </robndbox>
  </object>
  <object>
    <type>robndbox</type>
    <name>person</name>
    <pose>Unspecified</pose>
    <truncated>0</truncated>
    <difficult>0</difficult>
    <robndbox>
      <cx>3563.8202</cx>
      <cy>815.5794</cy>
      <w>38.3964</w>
      <h>26.4605</h>
      <angle>2.901593</angle>
    </robndbox>
  </object>
  <object>
    <type>robndbox</type>
    <name>person</name>
    <pose>Unspecified</pose>
    <truncated>0</truncated>
    <difficult>0</difficult>
    <robndbox>
      <cx>3508.6763</cx>
      <cy>842.5095</cy>
      <w>35.4721</w>
      <h>26.1606</h>
      <angle>1.34</angle>
    </robndbox>
  </object>
  <object>
    <type>robndbox</type>
    <name>person</name>
    <pose>Unspecified</pose>
    <truncated>0</truncated>
    <difficult>0</difficult>
    <robndbox>
      <cx>3806.9895</cx>
      <cy>1566.2371</cy>
      <w>39.1581</w>
      <h>48.3454</h>
      <angle>1.34</angle>
    </robndbox>
  </object>
  <object>
    <type>robndbox</type>
    <name>person</name>
    <pose>Unspecified</pose>
    <truncated>0</truncated>
    <difficult>0</difficult>
    <robndbox>
      <cx>3772.6861</cx>
      <cy>1746.1607</cy>
      <w>27.2533</w>
      <h>43.0804</h>
      <angle>1.56</angle>
    </robndbox>
  </object>
  <object>
    <type>robndbox</type>
    <name>person</name>
    <pose>Unspecified</pose>
    <truncated>0</truncated>
    <difficult>0</difficult>
    <robndbox>
      <cx>3693.0</cx>
      <cy>1869.2674</cy>
      <w>27.4735</w>
      <h>43.7059</h>
      <angle>1.56</angle>
    </robndbox>
  </object>
  <object>
    <type>robndbox</type>
    <name>person</name>
    <pose>Unspecified</pose>
    <truncated>0</truncated>
    <difficult>0</difficult>
    <robndbox>
      <cx>3523.0</cx>
      <cy>2015.3269</cy>
      <w>29.6138</w>
      <h>45.6829</h>
      <angle>1.56</angle>
    </robndbox>
  </object>
  <object>
    <type>robndbox</type>
    <name>person</name>
    <pose>Unspecified</pose>
    <truncated>0</truncated>
    <difficult>0</difficult>
    <robndbox>
      <cx>3334.5</cx>
      <cy>2115.4432</cy>
      <w>32.7338</w>
      <h>35.3555</h>
      <angle>1.56</angle>
    </robndbox>
  </object>
  <object>
    <type>robndbox</type>
    <name>person</name>
    <pose>Unspecified</pose>
    <truncated>0</truncated>
    <difficult>0</difficult>
    <robndbox>
      <cx>3379.8233</cx>
      <cy>2135.0772</cy>
      <w>34.0304</w>
      <h>37.9882</h>
      <angle>1.56</angle>
    </robndbox>
  </object>
  <object>
    <type>robndbox</type>
    <name>person</name>
    <pose>Unspecified</pose>
    <truncated>0</truncated>
    <difficult>0</difficult>
    <robndbox>
      <cx>2757.3233</cx>
      <cy>2005.0772</cy>
      <w>23.9554</w>
      <h>31.0966</h>
      <angle>1.56</angle>
    </robndbox>
  </object>
</annotation>
