<annotation verified="no">
  <folder>image</folder>
  <filename>day-city_road-60m-90c__frame_300</filename>
  <path>D:\roLabelImg\image\day-city_road-60m-90c__frame_300.jpg</path>
  <source>
    <database>Unknown</database>
  </source>
  <size>
    <width>3840</width>
    <height>2160</height>
    <depth>3</depth>
  </size>
  <segmented>0</segmented>
  <object>
    <type>robndbox</type>
    <name>car</name>
    <pose>Unspecified</pose>
    <truncated>0</truncated>
    <difficult>0</difficult>
    <robndbox>
      <cx>932.0833</cx>
      <cy>937.4325</cy>
      <w>127.8333</w>
      <h>251.5794</h>
      <angle>0.01</angle>
    </robndbox>
  </object>
  <object>
    <type>robndbox</type>
    <name>car</name>
    <pose>Unspecified</pose>
    <truncated>0</truncated>
    <difficult>0</difficult>
    <robndbox>
      <cx>1058.956</cx>
      <cy>943.1098</cy>
      <w>117.7727</w>
      <h>232.1232</h>
      <angle>0.02</angle>
    </robndbox>
  </object>
  <object>
    <type>robndbox</type>
    <name>car</name>
    <pose>Unspecified</pose>
    <truncated>0</truncated>
    <difficult>0</difficult>
    <robndbox>
      <cx>1172.956</cx>
      <cy>942.1098</cy>
      <w>111.693</w>
      <h>240.0628</h>
      <angle>0.01</angle>
    </robndbox>
  </object>
  <object>
    <type>robndbox</type>
    <name>car</name>
    <pose>Unspecified</pose>
    <truncated>0</truncated>
    <difficult>0</difficult>
    <robndbox>
      <cx>1295.956</cx>
      <cy>929.1098</cy>
      <w>111.693</w>
      <h>240.0628</h>
      <angle>0.1</angle>
    </robndbox>
  </object>
  <object>
    <type>robndbox</type>
    <name>car</name>
    <pose>Unspecified</pose>
    <truncated>0</truncated>
    <difficult>0</difficult>
    <robndbox>
      <cx>1407.0901</cx>
      <cy>947.9215</cy>
      <w>110.5443</w>
      <h>228.3675</h>
      <angle>0.05</angle>
    </robndbox>
  </object>
  <object>
    <type>robndbox</type>
    <name>car</name>
    <pose>Unspecified</pose>
    <truncated>0</truncated>
    <difficult>0</difficult>
    <robndbox>
      <cx>1515.5901</cx>
      <cy>943.4215</cy>
      <w>98.7101</w>
      <h>204.7465</h>
      <angle>3.131593</angle>
    </robndbox>
  </object>
  <object>
    <type>robndbox</type>
    <name>car</name>
    <pose>Unspecified</pose>
    <truncated>0</truncated>
    <difficult>0</difficult>
    <robndbox>
      <cx>1635.8394</cx>
      <cy>955.0948</cy>
      <w>112.0264</w>
      <h>230.0357</h>
      <angle>0.01</angle>
    </robndbox>
  </object>
  <object>
    <type>robndbox</type>
    <name>car</name>
    <pose>Unspecified</pose>
    <truncated>0</truncated>
    <difficult>0</difficult>
    <robndbox>
      <cx>1748.5563</cx>
      <cy>966.9153</cy>
      <w>115.2759</w>
      <h>218.2832</h>
      <angle>3.121593</angle>
    </robndbox>
  </object>
  <object>
    <type>robndbox</type>
    <name>car</name>
    <pose>Unspecified</pose>
    <truncated>0</truncated>
    <difficult>0</difficult>
    <robndbox>
      <cx>1746.5563</cx>
      <cy>964.9153</cy>
      <w>115.2759</w>
      <h>218.2832</h>
      <angle>3.121593</angle>
    </robndbox>
  </object>
  <object>
    <type>robndbox</type>
    <name>car</name>
    <pose>Unspecified</pose>
    <truncated>0</truncated>
    <difficult>0</difficult>
    <robndbox>
      <cx>1976.8736</cx>
      <cy>953.2955</cy>
      <w>115.7352</w>
      <h>227.0546</h>
      <angle>3.121593</angle>
    </robndbox>
  </object>
  <object>
    <type>robndbox</type>
    <name>car</name>
    <pose>Unspecified</pose>
    <truncated>0</truncated>
    <difficult>0</difficult>
    <robndbox>
      <cx>1862.0563</cx>
      <cy>956.9153</cy>
      <w>116.4357</w>
      <h>226.2616</h>
      <angle>3.121593</angle>
    </robndbox>
  </object>
  <object>
    <type>robndbox</type>
    <name>car</name>
    <pose>Unspecified</pose>
    <truncated>0</truncated>
    <difficult>0</difficult>
    <robndbox>
      <cx>2199.8736</cx>
      <cy>951.6429</cy>
      <w>109.7903</w>
      <h>224.2405</h>
      <angle>0.02</angle>
    </robndbox>
  </object>
  <object>
    <type>robndbox</type>
    <name>car</name>
    <pose>Unspecified</pose>
    <truncated>0</truncated>
    <difficult>0</difficult>
    <robndbox>
      <cx>2090.8736</cx>
      <cy>955.2955</cy>
      <w>105.7372</w>
      <h>226.8546</h>
      <angle>3.141593</angle>
    </robndbox>
  </object>
  <object>
    <type>robndbox</type>
    <name>car</name>
    <pose>Unspecified</pose>
    <truncated>0</truncated>
    <difficult>0</difficult>
    <robndbox>
      <cx>2300.255</cx>
      <cy>960.3969</cy>
      <w>101.4899</w>
      <h>200.533</h>
      <angle>0.01</angle>
    </robndbox>
  </object>
  <object>
    <type>robndbox</type>
    <name>car</name>
    <pose>Unspecified</pose>
    <truncated>0</truncated>
    <difficult>0</difficult>
    <robndbox>
      <cx>823.0</cx>
      <cy>940.6829</cy>
      <w>110.0</w>
      <h>192.08</h>
      <angle>3.141593</angle>
    </robndbox>
  </object>
  <object>
    <type>robndbox</type>
    <name>car</name>
    <pose>Unspecified</pose>
    <truncated>0</truncated>
    <difficult>0</difficult>
    <robndbox>
      <cx>810.8802</cx>
      <cy>1187.8067</cy>
      <w>117.409</w>
      <h>242.7243</h>
      <angle>3.121593</angle>
    </robndbox>
  </object>
  <object>
    <type>robndbox</type>
    <name>car</name>
    <pose>Unspecified</pose>
    <truncated>0</truncated>
    <difficult>0</difficult>
    <robndbox>
      <cx>1513.8802</cx>
      <cy>1192.8067</cy>
      <w>117.409</w>
      <h>242.7243</h>
      <angle>0.03</angle>
    </robndbox>
  </object>
  <object>
    <type>robndbox</type>
    <name>car</name>
    <pose>Unspecified</pose>
    <truncated>0</truncated>
    <difficult>0</difficult>
    <robndbox>
      <cx>1401.3073</cx>
      <cy>1201.9688</cy>
      <w>116.1099</w>
      <h>235.073</h>
      <angle>0.02</angle>
    </robndbox>
  </object>
  <object>
    <type>robndbox</type>
    <name>car</name>
    <pose>Unspecified</pose>
    <truncated>0</truncated>
    <difficult>0</difficult>
    <robndbox>
      <cx>1282.8073</cx>
      <cy>1181.9688</cy>
      <w>112.9905</w>
      <h>229.1342</h>
      <angle>0.02</angle>
    </robndbox>
  </object>
  <object>
    <type>robndbox</type>
    <name>car</name>
    <pose>Unspecified</pose>
    <truncated>0</truncated>
    <difficult>0</difficult>
    <robndbox>
      <cx>1172.1961</cx>
      <cy>1185.7532</cy>
      <w>125.9594</w>
      <h>234.5314</h>
      <angle>0.01</angle>
    </robndbox>
  </object>
  <object>
    <type>robndbox</type>
    <name>car</name>
    <pose>Unspecified</pose>
    <truncated>0</truncated>
    <difficult>0</difficult>
    <robndbox>
      <cx>1050.3073</cx>
      <cy>1188.9688</cy>
      <w>108.0715</w>
      <h>233.2334</h>
      <angle>0.02</angle>
    </robndbox>
  </object>
  <object>
    <type>robndbox</type>
    <name>car</name>
    <pose>Unspecified</pose>
    <truncated>0</truncated>
    <difficult>0</difficult>
    <robndbox>
      <cx>931.6504</cx>
      <cy>1186.2976</cy>
      <w>113.0405</w>
      <h>233.5719</h>
      <angle>3.131593</angle>
    </robndbox>
  </object>
  <object>
    <type>robndbox</type>
    <name>car</name>
    <pose>Unspecified</pose>
    <truncated>0</truncated>
    <difficult>0</difficult>
    <robndbox>
      <cx>1976.9212</cx>
      <cy>1194.1906</cy>
      <w>111.0968</w>
      <h>229.6755</h>
      <angle>0.03</angle>
    </robndbox>
  </object>
  <object>
    <type>robndbox</type>
    <name>car</name>
    <pose>Unspecified</pose>
    <truncated>0</truncated>
    <difficult>0</difficult>
    <robndbox>
      <cx>1864.8802</cx>
      <cy>1203.8067</cy>
      <w>117.409</w>
      <h>242.7243</h>
      <angle>3.131593</angle>
    </robndbox>
  </object>
  <object>
    <type>robndbox</type>
    <name>car</name>
    <pose>Unspecified</pose>
    <truncated>0</truncated>
    <difficult>0</difficult>
    <robndbox>
      <cx>1749.2809</cx>
      <cy>1209.9981</cy>
      <w>112.5242</w>
      <h>232.1902</h>
      <angle>0.01</angle>
    </robndbox>
  </object>
  <object>
    <type>robndbox</type>
    <name>car</name>
    <pose>Unspecified</pose>
    <truncated>0</truncated>
    <difficult>0</difficult>
    <robndbox>
      <cx>1636.9212</cx>
      <cy>1200.6906</cy>
      <w>105.4295</w>
      <h>240.8505</h>
      <angle>0.03</angle>
    </robndbox>
  </object>
  <object>
    <type>robndbox</type>
    <name>car</name>
    <pose>Unspecified</pose>
    <truncated>0</truncated>
    <difficult>0</difficult>
    <robndbox>
      <cx>2207.8403</cx>
      <cy>1159.4539</cy>
      <w>105.8263</w>
      <h>174.2964</h>
      <angle>3.121593</angle>
    </robndbox>
  </object>
  <object>
    <type>robndbox</type>
    <name>car</name>
    <pose>Unspecified</pose>
    <truncated>0</truncated>
    <difficult>0</difficult>
    <robndbox>
      <cx>2092.9212</cx>
      <cy>1193.1906</cy>
      <w>111.0968</w>
      <h>229.6755</h>
      <angle>3.101593</angle>
    </robndbox>
  </object>
  <object>
    <type>robndbox</type>
    <name>car</name>
    <pose>Unspecified</pose>
    <truncated>0</truncated>
    <difficult>0</difficult>
    <robndbox>
      <cx>1012.5957</cx>
      <cy>1637.2817</cy>
      <w>113.0902</w>
      <h>227.6028</h>
      <angle>0.01</angle>
    </robndbox>
  </object>
  <object>
    <type>robndbox</type>
    <name>car</name>
    <pose>Unspecified</pose>
    <truncated>0</truncated>
    <difficult>0</difficult>
    <robndbox>
      <cx>887.3802</cx>
      <cy>1646.1429</cy>
      <w>116.5957</w>
      <h>233.3784</h>
      <angle>3.111593</angle>
    </robndbox>
  </object>
  <object>
    <type>robndbox</type>
    <name>truck</name>
    <pose>Unspecified</pose>
    <truncated>0</truncated>
    <difficult>0</difficult>
    <robndbox>
      <cx>758.8802</cx>
      <cy>1657.6429</cy>
      <w>113.3363</w>
      <h>246.3158</h>
      <angle>0.02</angle>
    </robndbox>
  </object>
  <object>
    <type>robndbox</type>
    <name>car</name>
    <pose>Unspecified</pose>
    <truncated>0</truncated>
    <difficult>0</difficult>
    <robndbox>
      <cx>797.3888</cx>
      <cy>1473.8926</cy>
      <w>99.2589</w>
      <h>236.6269</h>
      <angle>1.521593</angle>
    </robndbox>
  </object>
  <object>
    <type>robndbox</type>
    <name>car</name>
    <pose>Unspecified</pose>
    <truncated>0</truncated>
    <difficult>0</difficult>
    <robndbox>
      <cx>790.7562</cx>
      <cy>1354.4241</cy>
      <w>90.4188</w>
      <h>187.4746</h>
      <angle>1.591593</angle>
    </robndbox>
  </object>
  <object>
    <type>robndbox</type>
    <name>car</name>
    <pose>Unspecified</pose>
    <truncated>0</truncated>
    <difficult>0</difficult>
    <robndbox>
      <cx>1362.5957</cx>
      <cy>1625.7817</cy>
      <w>109.4204</w>
      <h>260.6411</h>
      <angle>0.03</angle>
    </robndbox>
  </object>
  <object>
    <type>robndbox</type>
    <name>car</name>
    <pose>Unspecified</pose>
    <truncated>0</truncated>
    <difficult>0</difficult>
    <robndbox>
      <cx>1234.0957</cx>
      <cy>1639.7817</cy>
      <w>108.0805</w>
      <h>226.6528</h>
      <angle>0.01</angle>
    </robndbox>
  </object>
  <object>
    <type>robndbox</type>
    <name>car</name>
    <pose>Unspecified</pose>
    <truncated>0</truncated>
    <difficult>0</difficult>
    <robndbox>
      <cx>1477.998</cx>
      <cy>1633.9773</cy>
      <w>109.197</w>
      <h>238.1629</h>
      <angle>0.03</angle>
    </robndbox>
  </object>
  <object>
    <type>robndbox</type>
    <name>car</name>
    <pose>Unspecified</pose>
    <truncated>0</truncated>
    <difficult>0</difficult>
    <robndbox>
      <cx>1595.5972</cx>
      <cy>1638.9653</cy>
      <w>114.8123</w>
      <h>268.2094</h>
      <angle>0.03</angle>
    </robndbox>
  </object>
  <object>
    <type>robndbox</type>
    <name>car</name>
    <pose>Unspecified</pose>
    <truncated>0</truncated>
    <difficult>0</difficult>
    <robndbox>
      <cx>1705.5972</cx>
      <cy>1637.9653</cy>
      <w>105.1167</w>
      <h>257.9139</h>
      <angle>0.03</angle>
    </robndbox>
  </object>
  <object>
    <type>robndbox</type>
    <name>car</name>
    <pose>Unspecified</pose>
    <truncated>0</truncated>
    <difficult>0</difficult>
    <robndbox>
      <cx>1818.1272</cx>
      <cy>1640.861</cy>
      <w>95.9053</w>
      <h>215.488</h>
      <angle>3.131593</angle>
    </robndbox>
  </object>
  <object>
    <type>robndbox</type>
    <name>car</name>
    <pose>Unspecified</pose>
    <truncated>0</truncated>
    <difficult>0</difficult>
    <robndbox>
      <cx>1000.5498</cx>
      <cy>1879.1224</cy>
      <w>110.5845</w>
      <h>232.1584</h>
      <angle>3.131593</angle>
    </robndbox>
  </object>
  <object>
    <type>robndbox</type>
    <name>car</name>
    <pose>Unspecified</pose>
    <truncated>0</truncated>
    <difficult>0</difficult>
    <robndbox>
      <cx>888.5498</cx>
      <cy>1899.6224</cy>
      <w>98.5951</w>
      <h>231.0384</h>
      <angle>3.131593</angle>
    </robndbox>
  </object>
  <object>
    <type>robndbox</type>
    <name>truck</name>
    <pose>Unspecified</pose>
    <truncated>0</truncated>
    <difficult>0</difficult>
    <robndbox>
      <cx>771.8432</cx>
      <cy>1904.0096</cy>
      <w>115.1966</w>
      <h>243.0114</h>
      <angle>0.02</angle>
    </robndbox>
  </object>
  <object>
    <type>robndbox</type>
    <name>car</name>
    <pose>Unspecified</pose>
    <truncated>0</truncated>
    <difficult>0</difficult>
    <robndbox>
      <cx>1123.5498</cx>
      <cy>1887.6224</cy>
      <w>108.7346</w>
      <h>217.1391</h>
      <angle>0.06</angle>
    </robndbox>
  </object>
  <object>
    <type>robndbox</type>
    <name>car</name>
    <pose>Unspecified</pose>
    <truncated>0</truncated>
    <difficult>0</difficult>
    <robndbox>
      <cx>1245.5498</cx>
      <cy>1909.6224</cy>
      <w>108.7346</w>
      <h>217.1391</h>
      <angle>3.131593</angle>
    </robndbox>
  </object>
  <object>
    <type>robndbox</type>
    <name>car</name>
    <pose>Unspecified</pose>
    <truncated>0</truncated>
    <difficult>0</difficult>
    <robndbox>
      <cx>1359.0498</cx>
      <cy>1885.6224</cy>
      <w>111.5144</w>
      <h>239.168</h>
      <angle>3.131593</angle>
    </robndbox>
  </object>
  <object>
    <type>robndbox</type>
    <name>car</name>
    <pose>Unspecified</pose>
    <truncated>0</truncated>
    <difficult>0</difficult>
    <robndbox>
      <cx>1472.1463</cx>
      <cy>1893.3406</cy>
      <w>105.7074</w>
      <h>244.6045</h>
      <angle>0.01</angle>
    </robndbox>
  </object>
  <object>
    <type>robndbox</type>
    <name>car</name>
    <pose>Unspecified</pose>
    <truncated>0</truncated>
    <difficult>0</difficult>
    <robndbox>
      <cx>1598.6463</cx>
      <cy>1891.8406</cy>
      <w>110.7074</w>
      <h>229.6045</h>
      <angle>3.141593</angle>
    </robndbox>
  </object>
  <object>
    <type>robndbox</type>
    <name>car</name>
    <pose>Unspecified</pose>
    <truncated>0</truncated>
    <difficult>0</difficult>
    <robndbox>
      <cx>1712.1463</cx>
      <cy>1878.8406</cy>
      <w>101.7074</w>
      <h>219.6045</h>
      <angle>3.121593</angle>
    </robndbox>
  </object>
  <object>
    <type>robndbox</type>
    <name>car</name>
    <pose>Unspecified</pose>
    <truncated>0</truncated>
    <difficult>0</difficult>
    <robndbox>
      <cx>1821.213</cx>
      <cy>1858.3551</cy>
      <w>93.6873</w>
      <h>204.7427</h>
      <angle>0.02</angle>
    </robndbox>
  </object>
  <object>
    <type>robndbox</type>
    <name>car</name>
    <pose>Unspecified</pose>
    <truncated>0</truncated>
    <difficult>0</difficult>
    <robndbox>
      <cx>838.3888</cx>
      <cy>2075.8926</cy>
      <w>99.2589</w>
      <h>236.6269</h>
      <angle>1.631593</angle>
    </robndbox>
  </object>
  <object>
    <type>robndbox</type>
    <name>car</name>
    <pose>Unspecified</pose>
    <truncated>0</truncated>
    <difficult>0</difficult>
    <robndbox>
      <cx>1289.3888</cx>
      <cy>2078.8926</cy>
      <w>99.2589</w>
      <h>236.6269</h>
      <angle>1.551593</angle>
    </robndbox>
  </object>
  <object>
    <type>robndbox</type>
    <name>car</name>
    <pose>Unspecified</pose>
    <truncated>0</truncated>
    <difficult>0</difficult>
    <robndbox>
      <cx>2089.9567</cx>
      <cy>2007.9818</cy>
      <w>107.531</w>
      <h>228.8742</h>
      <angle>0.02</angle>
    </robndbox>
  </object>
  <object>
    <type>robndbox</type>
    <name>car</name>
    <pose>Unspecified</pose>
    <truncated>0</truncated>
    <difficult>0</difficult>
    <robndbox>
      <cx>2202.6459</cx>
      <cy>2005.063</cy>
      <w>103.7049</w>
      <h>248.8161</h>
      <angle>3.121593</angle>
    </robndbox>
  </object>
  <object>
    <type>robndbox</type>
    <name>car</name>
    <pose>Unspecified</pose>
    <truncated>0</truncated>
    <difficult>0</difficult>
    <robndbox>
      <cx>2314.7453</cx>
      <cy>1999.0676</cy>
      <w>109.3912</w>
      <h>243.0114</h>
      <angle>0.03</angle>
    </robndbox>
  </object>
  <object>
    <type>robndbox</type>
    <name>car</name>
    <pose>Unspecified</pose>
    <truncated>0</truncated>
    <difficult>0</difficult>
    <robndbox>
      <cx>2450.7453</cx>
      <cy>1992.0676</cy>
      <w>109.3912</w>
      <h>243.0114</h>
      <angle>3.131593</angle>
    </robndbox>
  </object>
  <object>
    <type>robndbox</type>
    <name>car</name>
    <pose>Unspecified</pose>
    <truncated>0</truncated>
    <difficult>0</difficult>
    <robndbox>
      <cx>2357.6997</cx>
      <cy>1766.0326</cy>
      <w>96.4309</w>
      <h>217.7464</h>
      <angle>2.101593</angle>
    </robndbox>
  </object>
  <object>
    <type>robndbox</type>
    <name>car</name>
    <pose>Unspecified</pose>
    <truncated>0</truncated>
    <difficult>0</difficult>
    <robndbox>
      <cx>2401.9351</cx>
      <cy>1658.0003</cy>
      <w>101.3804</w>
      <h>247.2488</h>
      <angle>2.231593</angle>
    </robndbox>
  </object>
  <object>
    <type>robndbox</type>
    <name>car</name>
    <pose>Unspecified</pose>
    <truncated>0</truncated>
    <difficult>0</difficult>
    <robndbox>
      <cx>2420.8627</cx>
      <cy>1516.7202</cy>
      <w>96.0333</w>
      <h>233.4346</h>
      <angle>2.041593</angle>
    </robndbox>
  </object>
  <object>
    <type>robndbox</type>
    <name>car</name>
    <pose>Unspecified</pose>
    <truncated>0</truncated>
    <difficult>0</difficult>
    <robndbox>
      <cx>2445.4007</cx>
      <cy>1391.3991</cy>
      <w>103.9875</w>
      <h>238.4802</h>
      <angle>2.031593</angle>
    </robndbox>
  </object>
  <object>
    <type>robndbox</type>
    <name>car</name>
    <pose>Unspecified</pose>
    <truncated>0</truncated>
    <difficult>0</difficult>
    <robndbox>
      <cx>2490.0935</cx>
      <cy>1260.7034</cy>
      <w>100.7825</w>
      <h>218.5923</h>
      <angle>2.311593</angle>
    </robndbox>
  </object>
  <object>
    <type>robndbox</type>
    <name>car</name>
    <pose>Unspecified</pose>
    <truncated>0</truncated>
    <difficult>0</difficult>
    <robndbox>
      <cx>2560.8622</cx>
      <cy>1158.9461</cy>
      <w>102.6631</w>
      <h>228.3562</h>
      <angle>2.471593</angle>
    </robndbox>
  </object>
  <object>
    <type>robndbox</type>
    <name>car</name>
    <pose>Unspecified</pose>
    <truncated>0</truncated>
    <difficult>0</difficult>
    <robndbox>
      <cx>2631.5252</cx>
      <cy>1073.4458</cy>
      <w>109.8293</w>
      <h>224.996</h>
      <angle>2.571593</angle>
    </robndbox>
  </object>
  <object>
    <type>robndbox</type>
    <name>car</name>
    <pose>Unspecified</pose>
    <truncated>0</truncated>
    <difficult>0</difficult>
    <robndbox>
      <cx>2711.0769</cx>
      <cy>988.0032</cy>
      <w>93.1339</w>
      <h>189.9319</h>
      <angle>2.461593</angle>
    </robndbox>
  </object>
  <object>
    <type>robndbox</type>
    <name>car</name>
    <pose>Unspecified</pose>
    <truncated>0</truncated>
    <difficult>0</difficult>
    <robndbox>
      <cx>2806.87</cx>
      <cy>909.9738</cy>
      <w>107.6599</w>
      <h>215.1906</h>
      <angle>2.611593</angle>
    </robndbox>
  </object>
  <object>
    <type>robndbox</type>
    <name>car</name>
    <pose>Unspecified</pose>
    <truncated>0</truncated>
    <difficult>0</difficult>
    <robndbox>
      <cx>2910.7912</cx>
      <cy>858.6889</cy>
      <w>101.9424</w>
      <h>205.2919</h>
      <angle>2.631593</angle>
    </robndbox>
  </object>
  <object>
    <type>robndbox</type>
    <name>car</name>
    <pose>Unspecified</pose>
    <truncated>0</truncated>
    <difficult>0</difficult>
    <robndbox>
      <cx>3126.2929</cx>
      <cy>759.3018</cy>
      <w>128.5228</w>
      <h>238.1305</h>
      <angle>2.721593</angle>
    </robndbox>
  </object>
  <object>
    <type>robndbox</type>
    <name>truck</name>
    <pose>Unspecified</pose>
    <truncated>0</truncated>
    <difficult>0</difficult>
    <robndbox>
      <cx>3019.7663</cx>
      <cy>804.5974</cy>
      <w>122.0396</w>
      <h>224.8433</h>
      <angle>2.711593</angle>
    </robndbox>
  </object>
  <object>
    <type>robndbox</type>
    <name>car</name>
    <pose>Unspecified</pose>
    <truncated>0</truncated>
    <difficult>0</difficult>
    <robndbox>
      <cx>3244.6308</cx>
      <cy>726.6167</cy>
      <w>121.2641</w>
      <h>231.7277</h>
      <angle>2.771593</angle>
    </robndbox>
  </object>
  <object>
    <type>robndbox</type>
    <name>car</name>
    <pose>Unspecified</pose>
    <truncated>0</truncated>
    <difficult>0</difficult>
    <robndbox>
      <cx>3363.1308</cx>
      <cy>692.1167</cy>
      <w>124.1176</w>
      <h>225.258</h>
      <angle>2.771593</angle>
    </robndbox>
  </object>
  <object>
    <type>robndbox</type>
    <name>car</name>
    <pose>Unspecified</pose>
    <truncated>0</truncated>
    <difficult>0</difficult>
    <robndbox>
      <cx>3480.2716</cx>
      <cy>659.0581</cy>
      <w>114.9862</w>
      <h>210.8647</h>
      <angle>2.771593</angle>
    </robndbox>
  </object>
  <object>
    <type>robndbox</type>
    <name>car</name>
    <pose>Unspecified</pose>
    <truncated>0</truncated>
    <difficult>0</difficult>
    <robndbox>
      <cx>2671.2716</cx>
      <cy>535.0581</cy>
      <w>114.9862</w>
      <h>210.8647</h>
      <angle>3.141593</angle>
    </robndbox>
  </object>
  <object>
    <type>robndbox</type>
    <name>car</name>
    <pose>Unspecified</pose>
    <truncated>0</truncated>
    <difficult>0</difficult>
    <robndbox>
      <cx>2448.3893</cx>
      <cy>515.6343</cy>
      <w>103.2215</w>
      <h>226.0171</h>
      <angle>3.141593</angle>
    </robndbox>
  </object>
  <object>
    <type>robndbox</type>
    <name>car</name>
    <pose>Unspecified</pose>
    <truncated>0</truncated>
    <difficult>0</difficult>
    <robndbox>
      <cx>2550.3893</cx>
      <cy>546.6343</cy>
      <w>107.2215</w>
      <h>242.0171</h>
      <angle>3.141593</angle>
    </robndbox>
  </object>
  <object>
    <type>robndbox</type>
    <name>car</name>
    <pose>Unspecified</pose>
    <truncated>0</truncated>
    <difficult>0</difficult>
    <robndbox>
      <cx>2341.5</cx>
      <cy>524.1343</cy>
      <w>107.0</w>
      <h>243.0171</h>
      <angle>3.141593</angle>
    </robndbox>
  </object>
  <object>
    <type>robndbox</type>
    <name>car</name>
    <pose>Unspecified</pose>
    <truncated>0</truncated>
    <difficult>0</difficult>
    <robndbox>
      <cx>2225.5</cx>
      <cy>539.1343</cy>
      <w>111.0</w>
      <h>253.0171</h>
      <angle>3.141593</angle>
    </robndbox>
  </object>
  <object>
    <type>robndbox</type>
    <name>car</name>
    <pose>Unspecified</pose>
    <truncated>0</truncated>
    <difficult>0</difficult>
    <robndbox>
      <cx>2101.4598</cx>
      <cy>506.0606</cy>
      <w>98.8884</w>
      <h>246.4148</h>
      <angle>3.091593</angle>
    </robndbox>
  </object>
  <object>
    <type>robndbox</type>
    <name>car</name>
    <pose>Unspecified</pose>
    <truncated>0</truncated>
    <difficult>0</difficult>
    <robndbox>
      <cx>1989.393</cx>
      <cy>527.9983</cy>
      <w>108.7355</w>
      <h>248.3888</h>
      <angle>3.131593</angle>
    </robndbox>
  </object>
  <object>
    <type>robndbox</type>
    <name>car</name>
    <pose>Unspecified</pose>
    <truncated>0</truncated>
    <difficult>0</difficult>
    <robndbox>
      <cx>1870.5763</cx>
      <cy>534.5543</cy>
      <w>105.8923</w>
      <h>233.4584</h>
      <angle>3.111593</angle>
    </robndbox>
  </object>
  <object>
    <type>robndbox</type>
    <name>car</name>
    <pose>Unspecified</pose>
    <truncated>0</truncated>
    <difficult>0</difficult>
    <robndbox>
      <cx>1640.5763</cx>
      <cy>526.5543</cy>
      <w>105.8923</w>
      <h>233.4584</h>
      <angle>0.03</angle>
    </robndbox>
  </object>
  <object>
    <type>robndbox</type>
    <name>car</name>
    <pose>Unspecified</pose>
    <truncated>0</truncated>
    <difficult>0</difficult>
    <robndbox>
      <cx>1521.5</cx>
      <cy>521.6429</cy>
      <w>118.5089</w>
      <h>248.5571</h>
      <angle>0.03</angle>
    </robndbox>
  </object>
  <object>
    <type>robndbox</type>
    <name>car</name>
    <pose>Unspecified</pose>
    <truncated>0</truncated>
    <difficult>0</difficult>
    <robndbox>
      <cx>1410.0397</cx>
      <cy>515.8348</cy>
      <w>107.5777</w>
      <h>250.7044</h>
      <angle>0.01</angle>
    </robndbox>
  </object>
  <object>
    <type>robndbox</type>
    <name>car</name>
    <pose>Unspecified</pose>
    <truncated>0</truncated>
    <difficult>0</difficult>
    <robndbox>
      <cx>1296.0397</cx>
      <cy>521.8348</cy>
      <w>107.5777</w>
      <h>250.7044</h>
      <angle>0.01</angle>
    </robndbox>
  </object>
  <object>
    <type>robndbox</type>
    <name>car</name>
    <pose>Unspecified</pose>
    <truncated>0</truncated>
    <difficult>0</difficult>
    <robndbox>
      <cx>1181.664</cx>
      <cy>515.1048</cy>
      <w>94.0513</w>
      <h>235.2423</h>
      <angle>3.121593</angle>
    </robndbox>
  </object>
  <object>
    <type>robndbox</type>
    <name>car</name>
    <pose>Unspecified</pose>
    <truncated>0</truncated>
    <difficult>0</difficult>
    <robndbox>
      <cx>1060.2555</cx>
      <cy>529.3311</cy>
      <w>98.8324</w>
      <h>231.6468</h>
      <angle>3.131593</angle>
    </robndbox>
  </object>
  <object>
    <type>robndbox</type>
    <name>car</name>
    <pose>Unspecified</pose>
    <truncated>0</truncated>
    <difficult>0</difficult>
    <robndbox>
      <cx>947.8063</cx>
      <cy>522.2806</cy>
      <w>112.0144</w>
      <h>239.6164</h>
      <angle>3.131593</angle>
    </robndbox>
  </object>
  <object>
    <type>robndbox</type>
    <name>car</name>
    <pose>Unspecified</pose>
    <truncated>0</truncated>
    <difficult>0</difficult>
    <robndbox>
      <cx>821.3019</cx>
      <cy>108.9486</cy>
      <w>119.2351</w>
      <h>216.6999</h>
      <angle>3.131593</angle>
    </robndbox>
  </object>
  <object>
    <type>robndbox</type>
    <name>car</name>
    <pose>Unspecified</pose>
    <truncated>0</truncated>
    <difficult>0</difficult>
    <robndbox>
      <cx>820.8019</cx>
      <cy>504.3406</cy>
      <w>120.024</w>
      <h>237.8166</h>
      <angle>3.131593</angle>
    </robndbox>
  </object>
  <object>
    <type>robndbox</type>
    <name>car</name>
    <pose>Unspecified</pose>
    <truncated>0</truncated>
    <difficult>0</difficult>
    <robndbox>
      <cx>950.3019</cx>
      <cy>108.9407</cy>
      <w>119.2351</w>
      <h>216.6999</h>
      <angle>3.131593</angle>
    </robndbox>
  </object>
  <object>
    <type>robndbox</type>
    <name>car</name>
    <pose>Unspecified</pose>
    <truncated>0</truncated>
    <difficult>0</difficult>
    <robndbox>
      <cx>1070.3019</cx>
      <cy>94.9447</cy>
      <w>105.5157</w>
      <h>188.5692</h>
      <angle>3.131593</angle>
    </robndbox>
  </object>
  <object>
    <type>robndbox</type>
    <name>car</name>
    <pose>Unspecified</pose>
    <truncated>0</truncated>
    <difficult>0</difficult>
    <robndbox>
      <cx>1183.5165</cx>
      <cy>99.8489</cy>
      <w>97.0251</w>
      <h>198.7359</h>
      <angle>3.131593</angle>
    </robndbox>
  </object>
  <object>
    <type>robndbox</type>
    <name>car</name>
    <pose>Unspecified</pose>
    <truncated>0</truncated>
    <difficult>0</difficult>
    <robndbox>
      <cx>1298.0</cx>
      <cy>108.8485</cy>
      <w>106.1717</w>
      <h>216.6461</h>
      <angle>0.01</angle>
    </robndbox>
  </object>
  <object>
    <type>robndbox</type>
    <name>car</name>
    <pose>Unspecified</pose>
    <truncated>0</truncated>
    <difficult>0</difficult>
    <robndbox>
      <cx>1426.3871</cx>
      <cy>110.7016</cy>
      <w>103.1394</w>
      <h>204.2786</h>
      <angle>3.091593</angle>
    </robndbox>
  </object>
  <object>
    <type>robndbox</type>
    <name>car</name>
    <pose>Unspecified</pose>
    <truncated>0</truncated>
    <difficult>0</difficult>
    <robndbox>
      <cx>1531.9352</cx>
      <cy>120.3485</cy>
      <w>104.9233</w>
      <h>238.6464</h>
      <angle>0.02</angle>
    </robndbox>
  </object>
  <object>
    <type>robndbox</type>
    <name>car</name>
    <pose>Unspecified</pose>
    <truncated>0</truncated>
    <difficult>0</difficult>
    <robndbox>
      <cx>1644.4352</cx>
      <cy>113.3485</cy>
      <w>105.6431</w>
      <h>224.6292</h>
      <angle>0.02</angle>
    </robndbox>
  </object>
  <object>
    <type>robndbox</type>
    <name>car</name>
    <pose>Unspecified</pose>
    <truncated>0</truncated>
    <difficult>0</difficult>
    <robndbox>
      <cx>1761.8068</cx>
      <cy>87.8485</cy>
      <w>104.3864</w>
      <h>175.697</h>
      <angle>3.141593</angle>
    </robndbox>
  </object>
  <object>
    <type>robndbox</type>
    <name>car</name>
    <pose>Unspecified</pose>
    <truncated>0</truncated>
    <difficult>0</difficult>
    <robndbox>
      <cx>2031.0</cx>
      <cy>101.3485</cy>
      <w>104.0</w>
      <h>202.697</h>
      <angle>3.141593</angle>
    </robndbox>
  </object>
  <object>
    <type>robndbox</type>
    <name>car</name>
    <pose>Unspecified</pose>
    <truncated>0</truncated>
    <difficult>0</difficult>
    <robndbox>
      <cx>2139.5</cx>
      <cy>105.8485</cy>
      <w>103.0</w>
      <h>211.697</h>
      <angle>3.141593</angle>
    </robndbox>
  </object>
  <object>
    <type>robndbox</type>
    <name>car</name>
    <pose>Unspecified</pose>
    <truncated>0</truncated>
    <difficult>0</difficult>
    <robndbox>
      <cx>2252.5</cx>
      <cy>105.8485</cy>
      <w>103.0</w>
      <h>211.697</h>
      <angle>3.141593</angle>
    </robndbox>
  </object>
  <object>
    <type>robndbox</type>
    <name>car</name>
    <pose>Unspecified</pose>
    <truncated>0</truncated>
    <difficult>0</difficult>
    <robndbox>
      <cx>2365.0</cx>
      <cy>102.3485</cy>
      <w>106.0</w>
      <h>204.697</h>
      <angle>3.141593</angle>
    </robndbox>
  </object>
  <object>
    <type>robndbox</type>
    <name>car</name>
    <pose>Unspecified</pose>
    <truncated>0</truncated>
    <difficult>0</difficult>
    <robndbox>
      <cx>2483.5</cx>
      <cy>133.3485</cy>
      <w>113.0</w>
      <h>232.697</h>
      <angle>3.141593</angle>
    </robndbox>
  </object>
  <object>
    <type>robndbox</type>
    <name>car</name>
    <pose>Unspecified</pose>
    <truncated>0</truncated>
    <difficult>0</difficult>
    <robndbox>
      <cx>2603.0</cx>
      <cy>143.3485</cy>
      <w>106.0</w>
      <h>230.697</h>
      <angle>3.141593</angle>
    </robndbox>
  </object>
  <object>
    <type>robndbox</type>
    <name>car</name>
    <pose>Unspecified</pose>
    <truncated>0</truncated>
    <difficult>0</difficult>
    <robndbox>
      <cx>2718.0833</cx>
      <cy>148.4596</cy>
      <w>112.1667</w>
      <h>220.4747</h>
      <angle>3.141593</angle>
    </robndbox>
  </object>
  <object>
    <type>robndbox</type>
    <name>car</name>
    <pose>Unspecified</pose>
    <truncated>0</truncated>
    <difficult>0</difficult>
    <robndbox>
      <cx>2824.2015</cx>
      <cy>158.9677</cy>
      <w>105.8362</w>
      <h>204.7578</h>
      <angle>0.06</angle>
    </robndbox>
  </object>
  <object>
    <type>robndbox</type>
    <name>car</name>
    <pose>Unspecified</pose>
    <truncated>0</truncated>
    <difficult>0</difficult>
    <robndbox>
      <cx>2939.5833</cx>
      <cy>153.4596</cy>
      <w>114.8333</w>
      <h>235.5253</h>
      <angle>3.141593</angle>
    </robndbox>
  </object>
  <object>
    <type>robndbox</type>
    <name>car</name>
    <pose>Unspecified</pose>
    <truncated>0</truncated>
    <difficult>0</difficult>
    <robndbox>
      <cx>3173.1667</cx>
      <cy>178.3678</cy>
      <w>136.0</w>
      <h>247.7088</h>
      <angle>3.141593</angle>
    </robndbox>
  </object>
  <object>
    <type>robndbox</type>
    <name>car</name>
    <pose>Unspecified</pose>
    <truncated>0</truncated>
    <difficult>0</difficult>
    <robndbox>
      <cx>3399.1667</cx>
      <cy>176.3678</cy>
      <w>136.0</w>
      <h>247.7088</h>
      <angle>3.141593</angle>
    </robndbox>
  </object>
  <object>
    <type>robndbox</type>
    <name>car</name>
    <pose>Unspecified</pose>
    <truncated>0</truncated>
    <difficult>0</difficult>
    <robndbox>
      <cx>3639.6385</cx>
      <cy>327.0846</cy>
      <w>101.2501</w>
      <h>259.5443</h>
      <angle>1.22</angle>
    </robndbox>
  </object>
  <object>
    <type>robndbox</type>
    <name>person</name>
    <pose>Unspecified</pose>
    <truncated>0</truncated>
    <difficult>0</difficult>
    <robndbox>
      <cx>1257.5</cx>
      <cy>778.197</cy>
      <w>49.0</w>
      <h>39.0</h>
      <angle>0.0</angle>
    </robndbox>
  </object>
  <object>
    <type>robndbox</type>
    <name>person</name>
    <pose>Unspecified</pose>
    <truncated>0</truncated>
    <difficult>0</difficult>
    <robndbox>
      <cx>2152.5</cx>
      <cy>229.197</cy>
      <w>49.0</w>
      <h>39.0</h>
      <angle>0.0</angle>
    </robndbox>
  </object>
  <object>
    <type>robndbox</type>
    <name>person</name>
    <pose>Unspecified</pose>
    <truncated>0</truncated>
    <difficult>0</difficult>
    <robndbox>
      <cx>2218.5</cx>
      <cy>279.697</cy>
      <w>41.0</w>
      <h>50.0</h>
      <angle>0.0</angle>
    </robndbox>
  </object>
  <object>
    <type>robndbox</type>
    <name>person</name>
    <pose>Unspecified</pose>
    <truncated>0</truncated>
    <difficult>0</difficult>
    <robndbox>
      <cx>3308.0</cx>
      <cy>545.275</cy>
      <w>60.0</w>
      <h>39.156</h>
      <angle>0.0</angle>
    </robndbox>
  </object>
</annotation>
