<annotation verified="no">
  <folder>image</folder>
  <filename>night-city_road-100m-30c__frame_3300</filename>
  <path>D:\roLabelImg\image\night-city_road-100m-30c__frame_3300.jpg</path>
  <source>
    <database>Unknown</database>
  </source>
  <size>
    <width>3840</width>
    <height>2160</height>
    <depth>3</depth>
  </size>
  <segmented>0</segmented>
  <object>
    <type>robndbox</type>
    <name>truck</name>
    <pose>Unspecified</pose>
    <truncated>0</truncated>
    <difficult>0</difficult>
    <robndbox>
      <cx>556.0</cx>
      <cy>1498.8113</cy>
      <w>184.0</w>
      <h>82.0</h>
      <angle>0.0</angle>
    </robndbox>
  </object>
  <object>
    <type>robndbox</type>
    <name>car</name>
    <pose>Unspecified</pose>
    <truncated>0</truncated>
    <difficult>0</difficult>
    <robndbox>
      <cx>766.0</cx>
      <cy>1493.8113</cy>
      <w>146.0</w>
      <h>70.0</h>
      <angle>3.111593</angle>
    </robndbox>
  </object>
  <object>
    <type>robndbox</type>
    <name>car</name>
    <pose>Unspecified</pose>
    <truncated>0</truncated>
    <difficult>0</difficult>
    <robndbox>
      <cx>704.9915</cx>
      <cy>1558.414</cy>
      <w>160.0005</w>
      <h>69.6252</h>
      <angle>3.111593</angle>
    </robndbox>
  </object>
  <object>
    <type>robndbox</type>
    <name>car</name>
    <pose>Unspecified</pose>
    <truncated>0</truncated>
    <difficult>0</difficult>
    <robndbox>
      <cx>600.987</cx>
      <cy>1632.5875</cy>
      <w>192.3867</w>
      <h>75.8158</h>
      <angle>3.111593</angle>
    </robndbox>
  </object>
  <object>
    <type>robndbox</type>
    <name>car</name>
    <pose>Unspecified</pose>
    <truncated>0</truncated>
    <difficult>0</difficult>
    <robndbox>
      <cx>1053.3499</cx>
      <cy>1487.1967</cy>
      <w>165.2083</w>
      <h>72.2173</h>
      <angle>3.111593</angle>
    </robndbox>
  </object>
  <object>
    <type>robndbox</type>
    <name>car</name>
    <pose>Unspecified</pose>
    <truncated>0</truncated>
    <difficult>0</difficult>
    <robndbox>
      <cx>1243.8499</cx>
      <cy>1481.1967</cy>
      <w>154.2732</w>
      <h>69.8882</h>
      <angle>3.111593</angle>
    </robndbox>
  </object>
  <object>
    <type>robndbox</type>
    <name>car</name>
    <pose>Unspecified</pose>
    <truncated>0</truncated>
    <difficult>0</difficult>
    <robndbox>
      <cx>1471.8499</cx>
      <cy>1470.1967</cy>
      <w>152.2741</w>
      <h>69.8282</h>
      <angle>3.111593</angle>
    </robndbox>
  </object>
  <object>
    <type>robndbox</type>
    <name>car</name>
    <pose>Unspecified</pose>
    <truncated>0</truncated>
    <difficult>0</difficult>
    <robndbox>
      <cx>1551.3499</cx>
      <cy>1350.1967</cy>
      <w>117.4698</w>
      <h>62.7811</h>
      <angle>3.111593</angle>
    </robndbox>
  </object>
  <object>
    <type>robndbox</type>
    <name>car</name>
    <pose>Unspecified</pose>
    <truncated>0</truncated>
    <difficult>0</difficult>
    <robndbox>
      <cx>1444.1918</cx>
      <cy>1593.7513</cy>
      <w>147.5869</w>
      <h>63.4816</h>
      <angle>3.111593</angle>
    </robndbox>
  </object>
  <object>
    <type>robndbox</type>
    <name>car</name>
    <pose>Unspecified</pose>
    <truncated>0</truncated>
    <difficult>0</difficult>
    <robndbox>
      <cx>1487.7397</cx>
      <cy>1524.0248</cy>
      <w>152.4241</w>
      <h>72.1776</h>
      <angle>3.111593</angle>
    </robndbox>
  </object>
  <object>
    <type>robndbox</type>
    <name>bus</name>
    <pose>Unspecified</pose>
    <truncated>0</truncated>
    <difficult>0</difficult>
    <robndbox>
      <cx>1139.1498</cx>
      <cy>1579.6368</cy>
      <w>367.8032</w>
      <h>135.4425</h>
      <angle>3.111593</angle>
    </robndbox>
  </object>
  <object>
    <type>robndbox</type>
    <name>car</name>
    <pose>Unspecified</pose>
    <truncated>0</truncated>
    <difficult>0</difficult>
    <robndbox>
      <cx>2223.746</cx>
      <cy>1288.2523</cy>
      <w>100.7151</w>
      <h>56.6544</h>
      <angle>1.491593</angle>
    </robndbox>
  </object>
  <object>
    <type>robndbox</type>
    <name>car</name>
    <pose>Unspecified</pose>
    <truncated>0</truncated>
    <difficult>0</difficult>
    <robndbox>
      <cx>2071.746</cx>
      <cy>1358.2523</cy>
      <w>100.7151</w>
      <h>56.6544</h>
      <angle>1.491593</angle>
    </robndbox>
  </object>
  <object>
    <type>robndbox</type>
    <name>car</name>
    <pose>Unspecified</pose>
    <truncated>0</truncated>
    <difficult>0</difficult>
    <robndbox>
      <cx>2142.7616</cx>
      <cy>1270.5526</cy>
      <w>107.7723</w>
      <h>62.1445</h>
      <angle>1.491593</angle>
    </robndbox>
  </object>
  <object>
    <type>robndbox</type>
    <name>car</name>
    <pose>Unspecified</pose>
    <truncated>0</truncated>
    <difficult>0</difficult>
    <robndbox>
      <cx>2274.7616</cx>
      <cy>1541.5526</cy>
      <w>107.7723</w>
      <h>62.1445</h>
      <angle>1.491593</angle>
    </robndbox>
  </object>
  <object>
    <type>robndbox</type>
    <name>car</name>
    <pose>Unspecified</pose>
    <truncated>0</truncated>
    <difficult>0</difficult>
    <robndbox>
      <cx>2200.2616</cx>
      <cy>1615.5526</cy>
      <w>118.453</w>
      <h>70.3251</h>
      <angle>1.491593</angle>
    </robndbox>
  </object>
  <object>
    <type>robndbox</type>
    <name>car</name>
    <pose>Unspecified</pose>
    <truncated>0</truncated>
    <difficult>0</difficult>
    <robndbox>
      <cx>2117.4888</cx>
      <cy>1144.87</cy>
      <w>98.154</w>
      <h>58.3749</h>
      <angle>1.521593</angle>
    </robndbox>
  </object>
  <object>
    <type>robndbox</type>
    <name>car</name>
    <pose>Unspecified</pose>
    <truncated>0</truncated>
    <difficult>0</difficult>
    <robndbox>
      <cx>2193.9615</cx>
      <cy>1108.5496</cy>
      <w>85.2799</w>
      <h>53.948</h>
      <angle>1.521593</angle>
    </robndbox>
  </object>
  <object>
    <type>robndbox</type>
    <name>car</name>
    <pose>Unspecified</pose>
    <truncated>0</truncated>
    <difficult>0</difficult>
    <robndbox>
      <cx>2301.8758</cx>
      <cy>1836.158</cy>
      <w>145.6416</w>
      <h>85.5491</h>
      <angle>1.421593</angle>
    </robndbox>
  </object>
  <object>
    <type>robndbox</type>
    <name>car</name>
    <pose>Unspecified</pose>
    <truncated>0</truncated>
    <difficult>0</difficult>
    <robndbox>
      <cx>2180.3758</cx>
      <cy>2048.658</cy>
      <w>162.3041</w>
      <h>82.0332</h>
      <angle>1.421593</angle>
    </robndbox>
  </object>
  <object>
    <type>robndbox</type>
    <name>car</name>
    <pose>Unspecified</pose>
    <truncated>0</truncated>
    <difficult>0</difficult>
    <robndbox>
      <cx>1720.1955</cx>
      <cy>1923.8672</cy>
      <w>169.3</w>
      <h>84.3778</h>
      <angle>0.731593</angle>
    </robndbox>
  </object>
  <object>
    <type>robndbox</type>
    <name>car</name>
    <pose>Unspecified</pose>
    <truncated>0</truncated>
    <difficult>1</difficult>
    <robndbox>
      <cx>2693.0109</cx>
      <cy>1345.83</cy>
      <w>140.4156</w>
      <h>69.5721</h>
      <angle>0.451593</angle>
    </robndbox>
  </object>
  <object>
    <type>robndbox</type>
    <name>car</name>
    <pose>Unspecified</pose>
    <truncated>0</truncated>
    <difficult>0</difficult>
    <robndbox>
      <cx>2981.0109</cx>
      <cy>1431.83</cy>
      <w>140.4156</w>
      <h>69.5721</h>
      <angle>0.141593</angle>
    </robndbox>
  </object>
  <object>
    <type>robndbox</type>
    <name>car</name>
    <pose>Unspecified</pose>
    <truncated>0</truncated>
    <difficult>0</difficult>
    <robndbox>
      <cx>2846.5</cx>
      <cy>2052.7674</cy>
      <w>177.0318</w>
      <h>90.2261</h>
      <angle>1.253185</angle>
    </robndbox>
  </object>
  <object>
    <type>robndbox</type>
    <name>car</name>
    <pose>Unspecified</pose>
    <truncated>0</truncated>
    <difficult>0</difficult>
    <robndbox>
      <cx>2969.0</cx>
      <cy>2044.7674</cy>
      <w>170.6354</w>
      <h>85.6479</h>
      <angle>1.243185</angle>
    </robndbox>
  </object>
  <object>
    <type>robndbox</type>
    <name>car</name>
    <pose>Unspecified</pose>
    <truncated>0</truncated>
    <difficult>0</difficult>
    <robndbox>
      <cx>2707.0</cx>
      <cy>1986.7674</cy>
      <w>159.3107</w>
      <h>95.8337</h>
      <angle>1.243185</angle>
    </robndbox>
  </object>
  <object>
    <type>robndbox</type>
    <name>car</name>
    <pose>Unspecified</pose>
    <truncated>0</truncated>
    <difficult>0</difficult>
    <robndbox>
      <cx>2758.8805</cx>
      <cy>2126.5284</cy>
      <w>63.2566</w>
      <h>96.3271</h>
      <angle>1.553185</angle>
    </robndbox>
  </object>
  <object>
    <type>robndbox</type>
    <name>bus</name>
    <pose>Unspecified</pose>
    <truncated>0</truncated>
    <difficult>0</difficult>
    <robndbox>
      <cx>3110.0</cx>
      <cy>2029.8837</cy>
      <w>220.0</w>
      <h>258.2326</h>
      <angle>0.0</angle>
    </robndbox>
  </object>
  <object>
    <type>robndbox</type>
    <name>car</name>
    <pose>Unspecified</pose>
    <truncated>0</truncated>
    <difficult>0</difficult>
    <robndbox>
      <cx>3195.7704</cx>
      <cy>1295.5135</cy>
      <w>130.6402</w>
      <h>65.6608</h>
      <angle>3.043185</angle>
    </robndbox>
  </object>
  <object>
    <type>robndbox</type>
    <name>car</name>
    <pose>Unspecified</pose>
    <truncated>0</truncated>
    <difficult>0</difficult>
    <robndbox>
      <cx>3093.2704</cx>
      <cy>1152.0135</cy>
      <w>138.4906</w>
      <h>57.3921</h>
      <angle>3.043185</angle>
    </robndbox>
  </object>
  <object>
    <type>robndbox</type>
    <name>car</name>
    <pose>Unspecified</pose>
    <truncated>0</truncated>
    <difficult>0</difficult>
    <robndbox>
      <cx>3090.7704</cx>
      <cy>1110.0135</cy>
      <w>118.7965</w>
      <h>63.4867</h>
      <angle>3.043185</angle>
    </robndbox>
  </object>
  <object>
    <type>robndbox</type>
    <name>car</name>
    <pose>Unspecified</pose>
    <truncated>0</truncated>
    <difficult>0</difficult>
    <robndbox>
      <cx>3251.8891</cx>
      <cy>1113.6032</cy>
      <w>118.3275</w>
      <h>56.3186</h>
      <angle>3.043185</angle>
    </robndbox>
  </object>
  <object>
    <type>robndbox</type>
    <name>car</name>
    <pose>Unspecified</pose>
    <truncated>0</truncated>
    <difficult>0</difficult>
    <robndbox>
      <cx>3287.0</cx>
      <cy>1154.2674</cy>
      <w>113.4706</w>
      <h>50.094</h>
      <angle>3.043185</angle>
    </robndbox>
  </object>
  <object>
    <type>robndbox</type>
    <name>car</name>
    <pose>Unspecified</pose>
    <truncated>0</truncated>
    <difficult>0</difficult>
    <robndbox>
      <cx>3215.5392</cx>
      <cy>1242.3416</cy>
      <w>133.6464</w>
      <h>60.2739</h>
      <angle>3.043185</angle>
    </robndbox>
  </object>
  <object>
    <type>robndbox</type>
    <name>car</name>
    <pose>Unspecified</pose>
    <truncated>0</truncated>
    <difficult>0</difficult>
    <robndbox>
      <cx>3366.5392</cx>
      <cy>1289.3416</cy>
      <w>133.6464</w>
      <h>60.2739</h>
      <angle>3.043185</angle>
    </robndbox>
  </object>
  <object>
    <type>robndbox</type>
    <name>car</name>
    <pose>Unspecified</pose>
    <truncated>0</truncated>
    <difficult>0</difficult>
    <robndbox>
      <cx>3696.5392</cx>
      <cy>1295.3416</cy>
      <w>133.6464</w>
      <h>60.2739</h>
      <angle>3.043185</angle>
    </robndbox>
  </object>
  <object>
    <type>robndbox</type>
    <name>car</name>
    <pose>Unspecified</pose>
    <truncated>0</truncated>
    <difficult>0</difficult>
    <robndbox>
      <cx>3402.5392</cx>
      <cy>1201.3416</cy>
      <w>127.479</w>
      <h>61.6747</h>
      <angle>3.043185</angle>
    </robndbox>
  </object>
  <object>
    <type>robndbox</type>
    <name>car</name>
    <pose>Unspecified</pose>
    <truncated>0</truncated>
    <difficult>0</difficult>
    <robndbox>
      <cx>3595.0392</cx>
      <cy>1163.8416</cy>
      <w>128.7689</w>
      <h>58.7874</h>
      <angle>3.043185</angle>
    </robndbox>
  </object>
  <object>
    <type>robndbox</type>
    <name>car</name>
    <pose>Unspecified</pose>
    <truncated>0</truncated>
    <difficult>0</difficult>
    <robndbox>
      <cx>3618.5392</cx>
      <cy>1212.3416</cy>
      <w>146.9892</w>
      <h>67.6203</h>
      <angle>3.043185</angle>
    </robndbox>
  </object>
  <object>
    <type>robndbox</type>
    <name>car</name>
    <pose>Unspecified</pose>
    <truncated>0</truncated>
    <difficult>0</difficult>
    <robndbox>
      <cx>3752.5</cx>
      <cy>1121.7674</cy>
      <w>122.4556</w>
      <h>52.284</h>
      <angle>3.033185</angle>
    </robndbox>
  </object>
  <object>
    <type>robndbox</type>
    <name>car</name>
    <pose>Unspecified</pose>
    <truncated>0</truncated>
    <difficult>0</difficult>
    <robndbox>
      <cx>3775.3032</cx>
      <cy>1159.7674</cy>
      <w>122.4556</w>
      <h>52.284</h>
      <angle>3.033185</angle>
    </robndbox>
  </object>
  <object>
    <type>robndbox</type>
    <name>car</name>
    <pose>Unspecified</pose>
    <truncated>0</truncated>
    <difficult>0</difficult>
    <robndbox>
      <cx>3787.6716</cx>
      <cy>1203.4609</cy>
      <w>98.2305</w>
      <h>58.3275</h>
      <angle>3.033185</angle>
    </robndbox>
  </object>
  <object>
    <type>robndbox</type>
    <name>car</name>
    <pose>Unspecified</pose>
    <truncated>0</truncated>
    <difficult>0</difficult>
    <robndbox>
      <cx>3718.0266</cx>
      <cy>1453.4041</cy>
      <w>188.6372</w>
      <h>92.5849</h>
      <angle>3.103185</angle>
    </robndbox>
  </object>
  <object>
    <type>robndbox</type>
    <name>person</name>
    <pose>Unspecified</pose>
    <truncated>0</truncated>
    <difficult>0</difficult>
    <robndbox>
      <cx>3412.0</cx>
      <cy>1785.2674</cy>
      <w>36.0</w>
      <h>59.0</h>
      <angle>0.0</angle>
    </robndbox>
  </object>
  <object>
    <type>robndbox</type>
    <name>person</name>
    <pose>Unspecified</pose>
    <truncated>0</truncated>
    <difficult>0</difficult>
    <robndbox>
      <cx>3378.0</cx>
      <cy>1754.2674</cy>
      <w>36.0</w>
      <h>59.0</h>
      <angle>0.0</angle>
    </robndbox>
  </object>
  <object>
    <type>robndbox</type>
    <name>person</name>
    <pose>Unspecified</pose>
    <truncated>0</truncated>
    <difficult>0</difficult>
    <robndbox>
      <cx>3217.0</cx>
      <cy>1592.2674</cy>
      <w>36.0</w>
      <h>59.0</h>
      <angle>0.0</angle>
    </robndbox>
  </object>
  <object>
    <type>robndbox</type>
    <name>person</name>
    <pose>Unspecified</pose>
    <truncated>0</truncated>
    <difficult>0</difficult>
    <robndbox>
      <cx>3529.0</cx>
      <cy>1906.2674</cy>
      <w>36.0</w>
      <h>59.0</h>
      <angle>0.0</angle>
    </robndbox>
  </object>
  <object>
    <type>robndbox</type>
    <name>car</name>
    <pose>Unspecified</pose>
    <truncated>0</truncated>
    <difficult>0</difficult>
    <robndbox>
      <cx>3436.4023</cx>
      <cy>1157.4279</cy>
      <w>124.8231</w>
      <h>51.1336</h>
      <angle>3.043185</angle>
    </robndbox>
  </object>
  <object>
    <type>robndbox</type>
    <name>bus</name>
    <pose>Unspecified</pose>
    <truncated>0</truncated>
    <difficult>0</difficult>
    <robndbox>
      <cx>3490.5</cx>
      <cy>1099.3529</cy>
      <w>283.0</w>
      <h>95.0</h>
      <angle>0.0</angle>
    </robndbox>
  </object>
  <object>
    <type>robndbox</type>
    <name>person</name>
    <pose>Unspecified</pose>
    <truncated>0</truncated>
    <difficult>0</difficult>
    <robndbox>
      <cx>3497.0</cx>
      <cy>1775.2674</cy>
      <w>36.0</w>
      <h>59.0</h>
      <angle>0.0</angle>
    </robndbox>
  </object>
  <object>
    <type>robndbox</type>
    <name>motor</name>
    <pose>Unspecified</pose>
    <truncated>0</truncated>
    <difficult>0</difficult>
    <robndbox>
      <cx>3687.0</cx>
      <cy>1831.3529</cy>
      <w>72.0</w>
      <h>61.0</h>
      <angle>0.0</angle>
    </robndbox>
  </object>
  <object>
    <type>robndbox</type>
    <name>motor</name>
    <pose>Unspecified</pose>
    <truncated>0</truncated>
    <difficult>0</difficult>
    <robndbox>
      <cx>3146.5</cx>
      <cy>1608.3529</cy>
      <w>51.0</w>
      <h>55.0</h>
      <angle>0.0</angle>
    </robndbox>
  </object>
  <object>
    <type>robndbox</type>
    <name>traffic-sign</name>
    <pose>Unspecified</pose>
    <truncated>0</truncated>
    <difficult>0</difficult>
    <robndbox>
      <cx>3596.0</cx>
      <cy>1673.3529</cy>
      <w>49.0025</w>
      <h>58.7176</h>
      <angle>0.4</angle>
    </robndbox>
  </object>
  <object>
    <type>robndbox</type>
    <name>traffic-sign</name>
    <pose>Unspecified</pose>
    <truncated>0</truncated>
    <difficult>0</difficult>
    <robndbox>
      <cx>3427.0</cx>
      <cy>2079.3529</cy>
      <w>49.0025</w>
      <h>58.7176</h>
      <angle>0.4</angle>
    </robndbox>
  </object>
  <object>
    <type>robndbox</type>
    <name>traffic-sign</name>
    <pose>Unspecified</pose>
    <truncated>0</truncated>
    <difficult>0</difficult>
    <robndbox>
      <cx>2665.5366</cx>
      <cy>776.0691</cy>
      <w>35.3093</w>
      <h>42.1307</h>
      <angle>0.1</angle>
    </robndbox>
  </object>
  <object>
    <type>robndbox</type>
    <name>car</name>
    <pose>Unspecified</pose>
    <truncated>0</truncated>
    <difficult>0</difficult>
    <robndbox>
      <cx>2824.4025</cx>
      <cy>960.1214</cy>
      <w>100.9785</w>
      <h>48.7718</h>
      <angle>0.361593</angle>
    </robndbox>
  </object>
  <object>
    <type>robndbox</type>
    <name>car</name>
    <pose>Unspecified</pose>
    <truncated>0</truncated>
    <difficult>0</difficult>
    <robndbox>
      <cx>2374.9761</cx>
      <cy>863.2234</cy>
      <w>100.1323</w>
      <h>52.9771</h>
      <angle>0.001593</angle>
    </robndbox>
  </object>
  <object>
    <type>robndbox</type>
    <name>ignored</name>
    <pose>Unspecified</pose>
    <truncated>0</truncated>
    <difficult>0</difficult>
    <robndbox>
      <cx>2542.5</cx>
      <cy>1023.2917</cy>
      <w>417.0</w>
      <h>119.0</h>
      <angle>0.0</angle>
    </robndbox>
  </object>
  <object>
    <type>robndbox</type>
    <name>car</name>
    <pose>Unspecified</pose>
    <truncated>0</truncated>
    <difficult>0</difficult>
    <robndbox>
      <cx>2250.9615</cx>
      <cy>1020.5496</cy>
      <w>85.2799</w>
      <h>53.948</h>
      <angle>1.521593</angle>
    </robndbox>
  </object>
  <object>
    <type>robndbox</type>
    <name>car</name>
    <pose>Unspecified</pose>
    <truncated>0</truncated>
    <difficult>0</difficult>
    <robndbox>
      <cx>2161.4615</cx>
      <cy>943.0398</cy>
      <w>76.3204</w>
      <h>55.3904</h>
      <angle>1.521593</angle>
    </robndbox>
  </object>
  <object>
    <type>robndbox</type>
    <name>car</name>
    <pose>Unspecified</pose>
    <truncated>0</truncated>
    <difficult>0</difficult>
    <robndbox>
      <cx>2083.4615</cx>
      <cy>969.0398</cy>
      <w>76.3204</w>
      <h>55.3904</h>
      <angle>1.521593</angle>
    </robndbox>
  </object>
  <object>
    <type>robndbox</type>
    <name>car</name>
    <pose>Unspecified</pose>
    <truncated>0</truncated>
    <difficult>0</difficult>
    <robndbox>
      <cx>2008.4615</cx>
      <cy>790.5398</cy>
      <w>72.9305</w>
      <h>47.5476</h>
      <angle>1.521593</angle>
    </robndbox>
  </object>
  <object>
    <type>robndbox</type>
    <name>car</name>
    <pose>Unspecified</pose>
    <truncated>0</truncated>
    <difficult>0</difficult>
    <robndbox>
      <cx>2058.4615</cx>
      <cy>728.0398</cy>
      <w>63.9414</w>
      <h>47.9903</h>
      <angle>1.521593</angle>
    </robndbox>
  </object>
  <object>
    <type>robndbox</type>
    <name>car</name>
    <pose>Unspecified</pose>
    <truncated>0</truncated>
    <difficult>0</difficult>
    <robndbox>
      <cx>2116.4615</cx>
      <cy>729.0398</cy>
      <w>63.9414</w>
      <h>47.9903</h>
      <angle>1.521593</angle>
    </robndbox>
  </object>
  <object>
    <type>robndbox</type>
    <name>car</name>
    <pose>Unspecified</pose>
    <truncated>0</truncated>
    <difficult>0</difficult>
    <robndbox>
      <cx>2226.9615</cx>
      <cy>717.5398</cy>
      <w>50.908</w>
      <h>47.6309</h>
      <angle>1.521593</angle>
    </robndbox>
  </object>
  <object>
    <type>robndbox</type>
    <name>car</name>
    <pose>Unspecified</pose>
    <truncated>0</truncated>
    <difficult>0</difficult>
    <robndbox>
      <cx>2210.9615</cx>
      <cy>665.5398</cy>
      <w>50.908</w>
      <h>47.6309</h>
      <angle>1.521593</angle>
    </robndbox>
  </object>
  <object>
    <type>robndbox</type>
    <name>car</name>
    <pose>Unspecified</pose>
    <truncated>0</truncated>
    <difficult>0</difficult>
    <robndbox>
      <cx>2184.9615</cx>
      <cy>583.5398</cy>
      <w>50.908</w>
      <h>47.6309</h>
      <angle>1.521593</angle>
    </robndbox>
  </object>
  <object>
    <type>robndbox</type>
    <name>car</name>
    <pose>Unspecified</pose>
    <truncated>0</truncated>
    <difficult>0</difficult>
    <robndbox>
      <cx>2173.9615</cx>
      <cy>528.5398</cy>
      <w>50.908</w>
      <h>47.6309</h>
      <angle>1.521593</angle>
    </robndbox>
  </object>
  <object>
    <type>robndbox</type>
    <name>car</name>
    <pose>Unspecified</pose>
    <truncated>0</truncated>
    <difficult>0</difficult>
    <robndbox>
      <cx>2158.9615</cx>
      <cy>483.5398</cy>
      <w>50.908</w>
      <h>47.6309</h>
      <angle>1.521593</angle>
    </robndbox>
  </object>
  <object>
    <type>robndbox</type>
    <name>car</name>
    <pose>Unspecified</pose>
    <truncated>0</truncated>
    <difficult>0</difficult>
    <robndbox>
      <cx>2137.4615</cx>
      <cy>442.0398</cy>
      <w>45.6681</w>
      <h>42.8828</h>
      <angle>1.521593</angle>
    </robndbox>
  </object>
  <object>
    <type>robndbox</type>
    <name>car</name>
    <pose>Unspecified</pose>
    <truncated>0</truncated>
    <difficult>0</difficult>
    <robndbox>
      <cx>2091.9615</cx>
      <cy>383.0398</cy>
      <w>39.8229</w>
      <h>46.1743</h>
      <angle>1.521593</angle>
    </robndbox>
  </object>
  <object>
    <type>robndbox</type>
    <name>car</name>
    <pose>Unspecified</pose>
    <truncated>0</truncated>
    <difficult>0</difficult>
    <robndbox>
      <cx>2095.9615</cx>
      <cy>440.5398</cy>
      <w>40.4283</w>
      <h>38.1348</h>
      <angle>1.521593</angle>
    </robndbox>
  </object>
  <object>
    <type>robndbox</type>
    <name>car</name>
    <pose>Unspecified</pose>
    <truncated>0</truncated>
    <difficult>0</difficult>
    <robndbox>
      <cx>2055.9615</cx>
      <cy>439.5398</cy>
      <w>40.1332</w>
      <h>32.1421</h>
      <angle>1.521593</angle>
    </robndbox>
  </object>
  <object>
    <type>robndbox</type>
    <name>car</name>
    <pose>Unspecified</pose>
    <truncated>0</truncated>
    <difficult>0</difficult>
    <robndbox>
      <cx>2064.9615</cx>
      <cy>485.0398</cy>
      <w>49.5157</w>
      <h>39.6897</h>
      <angle>1.521593</angle>
    </robndbox>
  </object>
  <object>
    <type>robndbox</type>
    <name>car</name>
    <pose>Unspecified</pose>
    <truncated>0</truncated>
    <difficult>0</difficult>
    <robndbox>
      <cx>2020.9615</cx>
      <cy>476.5398</cy>
      <w>46.421</w>
      <h>37.8397</h>
      <angle>1.521593</angle>
    </robndbox>
  </object>
  <object>
    <type>robndbox</type>
    <name>car</name>
    <pose>Unspecified</pose>
    <truncated>0</truncated>
    <difficult>0</difficult>
    <robndbox>
      <cx>2027.9615</cx>
      <cy>514.5398</cy>
      <w>46.421</w>
      <h>37.8397</h>
      <angle>1.521593</angle>
    </robndbox>
  </object>
  <object>
    <type>robndbox</type>
    <name>car</name>
    <pose>Unspecified</pose>
    <truncated>0</truncated>
    <difficult>0</difficult>
    <robndbox>
      <cx>1977.9615</cx>
      <cy>497.5398</cy>
      <w>46.421</w>
      <h>37.8397</h>
      <angle>1.521593</angle>
    </robndbox>
  </object>
  <object>
    <type>robndbox</type>
    <name>car</name>
    <pose>Unspecified</pose>
    <truncated>0</truncated>
    <difficult>0</difficult>
    <robndbox>
      <cx>1981.9615</cx>
      <cy>542.0398</cy>
      <w>43.2279</w>
      <h>33.9921</h>
      <angle>1.521593</angle>
    </robndbox>
  </object>
  <object>
    <type>robndbox</type>
    <name>car</name>
    <pose>Unspecified</pose>
    <truncated>0</truncated>
    <difficult>0</difficult>
    <robndbox>
      <cx>1984.9615</cx>
      <cy>593.5578</cy>
      <w>56.6415</w>
      <h>41.3413</h>
      <angle>1.521593</angle>
    </robndbox>
  </object>
  <object>
    <type>robndbox</type>
    <name>car</name>
    <pose>Unspecified</pose>
    <truncated>0</truncated>
    <difficult>0</difficult>
    <robndbox>
      <cx>1996.9615</cx>
      <cy>637.5578</cy>
      <w>52.7447</w>
      <h>43.5356</h>
      <angle>1.521593</angle>
    </robndbox>
  </object>
  <object>
    <type>robndbox</type>
    <name>car</name>
    <pose>Unspecified</pose>
    <truncated>0</truncated>
    <difficult>0</difficult>
    <robndbox>
      <cx>1933.9615</cx>
      <cy>664.5578</cy>
      <w>52.7447</w>
      <h>43.5356</h>
      <angle>1.521593</angle>
    </robndbox>
  </object>
  <object>
    <type>robndbox</type>
    <name>car</name>
    <pose>Unspecified</pose>
    <truncated>0</truncated>
    <difficult>0</difficult>
    <robndbox>
      <cx>1996.9615</cx>
      <cy>692.5578</cy>
      <w>52.7447</w>
      <h>43.5356</h>
      <angle>1.521593</angle>
    </robndbox>
  </object>
  <object>
    <type>robndbox</type>
    <name>car</name>
    <pose>Unspecified</pose>
    <truncated>0</truncated>
    <difficult>0</difficult>
    <robndbox>
      <cx>2045.9615</cx>
      <cy>649.5578</cy>
      <w>46.6536</w>
      <h>41.8331</h>
      <angle>1.521593</angle>
    </robndbox>
  </object>
  <object>
    <type>robndbox</type>
    <name>car</name>
    <pose>Unspecified</pose>
    <truncated>0</truncated>
    <difficult>0</difficult>
    <robndbox>
      <cx>2036.9615</cx>
      <cy>566.5578</cy>
      <w>46.6536</w>
      <h>41.8331</h>
      <angle>1.521593</angle>
    </robndbox>
  </object>
  <object>
    <type>robndbox</type>
    <name>car</name>
    <pose>Unspecified</pose>
    <truncated>0</truncated>
    <difficult>0</difficult>
    <robndbox>
      <cx>2078.9615</cx>
      <cy>544.5578</cy>
      <w>46.6536</w>
      <h>41.8331</h>
      <angle>1.521593</angle>
    </robndbox>
  </object>
  <object>
    <type>robndbox</type>
    <name>car</name>
    <pose>Unspecified</pose>
    <truncated>0</truncated>
    <difficult>0</difficult>
    <robndbox>
      <cx>2129.9615</cx>
      <cy>554.5578</cy>
      <w>46.6536</w>
      <h>41.8331</h>
      <angle>1.521593</angle>
    </robndbox>
  </object>
  <object>
    <type>robndbox</type>
    <name>car</name>
    <pose>Unspecified</pose>
    <truncated>0</truncated>
    <difficult>0</difficult>
    <robndbox>
      <cx>2092.9615</cx>
      <cy>619.5578</cy>
      <w>46.6536</w>
      <h>41.8331</h>
      <angle>1.521593</angle>
    </robndbox>
  </object>
  <object>
    <type>robndbox</type>
    <name>car</name>
    <pose>Unspecified</pose>
    <truncated>0</truncated>
    <difficult>0</difficult>
    <robndbox>
      <cx>2241.4615</cx>
      <cy>776.0578</cy>
      <w>67.8741</w>
      <h>45.7942</h>
      <angle>1.521593</angle>
    </robndbox>
  </object>
  <object>
    <type>robndbox</type>
    <name>car</name>
    <pose>Unspecified</pose>
    <truncated>0</truncated>
    <difficult>0</difficult>
    <robndbox>
      <cx>2362.0</cx>
      <cy>399.3276</cy>
      <w>150.0811</w>
      <h>63.8801</h>
      <angle>1.131593</angle>
    </robndbox>
  </object>
  <object>
    <type>robndbox</type>
    <name>bus</name>
    <pose>Unspecified</pose>
    <truncated>0</truncated>
    <difficult>0</difficult>
    <robndbox>
      <cx>2209.0</cx>
      <cy>861.8276</cy>
      <w>76.0</w>
      <h>126.0</h>
      <angle>2.941593</angle>
    </robndbox>
  </object>
  <object>
    <type>robndbox</type>
    <name>bus</name>
    <pose>Unspecified</pose>
    <truncated>0</truncated>
    <difficult>0</difficult>
    <robndbox>
      <cx>1967.6453</cx>
      <cy>409.0236</cy>
      <w>50.7543</w>
      <h>100.8329</h>
      <angle>3.081593</angle>
    </robndbox>
  </object>
  <object>
    <type>robndbox</type>
    <name>bus</name>
    <pose>Unspecified</pose>
    <truncated>0</truncated>
    <difficult>0</difficult>
    <robndbox>
      <cx>2012.6453</cx>
      <cy>400.0236</cy>
      <w>50.7543</w>
      <h>100.8329</h>
      <angle>3.081593</angle>
    </robndbox>
  </object>
  <object>
    <type>robndbox</type>
    <name>bus</name>
    <pose>Unspecified</pose>
    <truncated>0</truncated>
    <difficult>0</difficult>
    <robndbox>
      <cx>2040.1221</cx>
      <cy>311.4468</cy>
      <w>54.8672</w>
      <h>94.6051</h>
      <angle>2.891593</angle>
    </robndbox>
  </object>
  <object>
    <type>robndbox</type>
    <name>bus</name>
    <pose>Unspecified</pose>
    <truncated>0</truncated>
    <difficult>0</difficult>
    <robndbox>
      <cx>2200.0266</cx>
      <cy>225.4765</cy>
      <w>37.4343</w>
      <h>43.0242</h>
      <angle>3.081593</angle>
    </robndbox>
  </object>
  <object>
    <type>robndbox</type>
    <name>bus</name>
    <pose>Unspecified</pose>
    <truncated>0</truncated>
    <difficult>0</difficult>
    <robndbox>
      <cx>2158.5266</cx>
      <cy>197.4765</cy>
      <w>32.6832</w>
      <h>38.7316</h>
      <angle>3.081593</angle>
    </robndbox>
  </object>
  <object>
    <type>robndbox</type>
    <name>bus</name>
    <pose>Unspecified</pose>
    <truncated>0</truncated>
    <difficult>0</difficult>
    <robndbox>
      <cx>2117.0</cx>
      <cy>111.3276</cy>
      <w>30.3234</w>
      <h>28.8703</h>
      <angle>3.081593</angle>
    </robndbox>
  </object>
  <object>
    <type>robndbox</type>
    <name>bus</name>
    <pose>Unspecified</pose>
    <truncated>0</truncated>
    <difficult>0</difficult>
    <robndbox>
      <cx>2141.8873</cx>
      <cy>99.1277</cy>
      <w>34.2774</w>
      <h>33.5155</h>
      <angle>3.081593</angle>
    </robndbox>
  </object>
  <object>
    <type>robndbox</type>
    <name>bus</name>
    <pose>Unspecified</pose>
    <truncated>0</truncated>
    <difficult>0</difficult>
    <robndbox>
      <cx>2108.8873</cx>
      <cy>59.1277</cy>
      <w>34.2774</w>
      <h>33.5155</h>
      <angle>3.081593</angle>
    </robndbox>
  </object>
  <object>
    <type>robndbox</type>
    <name>bus</name>
    <pose>Unspecified</pose>
    <truncated>0</truncated>
    <difficult>0</difficult>
    <robndbox>
      <cx>2108.8873</cx>
      <cy>17.7553</cy>
      <w>34.2774</w>
      <h>33.5155</h>
      <angle>3.081593</angle>
    </robndbox>
  </object>
  <object>
    <type>robndbox</type>
    <name>bus</name>
    <pose>Unspecified</pose>
    <truncated>0</truncated>
    <difficult>0</difficult>
    <robndbox>
      <cx>1936.8873</cx>
      <cy>17.7553</cy>
      <w>34.2774</w>
      <h>33.5155</h>
      <angle>3.081593</angle>
    </robndbox>
  </object>
  <object>
    <type>robndbox</type>
    <name>bus</name>
    <pose>Unspecified</pose>
    <truncated>0</truncated>
    <difficult>0</difficult>
    <robndbox>
      <cx>1902.8873</cx>
      <cy>20.7553</cy>
      <w>34.2774</w>
      <h>33.5155</h>
      <angle>3.081593</angle>
    </robndbox>
  </object>
  <object>
    <type>robndbox</type>
    <name>bus</name>
    <pose>Unspecified</pose>
    <truncated>0</truncated>
    <difficult>0</difficult>
    <robndbox>
      <cx>1988.8873</cx>
      <cy>72.7553</cy>
      <w>34.2774</w>
      <h>33.5155</h>
      <angle>3.081593</angle>
    </robndbox>
  </object>
  <object>
    <type>robndbox</type>
    <name>bus</name>
    <pose>Unspecified</pose>
    <truncated>0</truncated>
    <difficult>0</difficult>
    <robndbox>
      <cx>2007.8873</cx>
      <cy>228.7553</cy>
      <w>34.2774</w>
      <h>33.5155</h>
      <angle>3.081593</angle>
    </robndbox>
  </object>
  <object>
    <type>robndbox</type>
    <name>bus</name>
    <pose>Unspecified</pose>
    <truncated>0</truncated>
    <difficult>0</difficult>
    <robndbox>
      <cx>2399.3873</cx>
      <cy>497.4415</cy>
      <w>46.5721</w>
      <h>45.647</h>
      <angle>3.081593</angle>
    </robndbox>
  </object>
  <object>
    <type>robndbox</type>
    <name>car</name>
    <pose>Unspecified</pose>
    <truncated>0</truncated>
    <difficult>0</difficult>
    <robndbox>
      <cx>1858.4615</cx>
      <cy>915.5398</cy>
      <w>72.9305</w>
      <h>47.5476</h>
      <angle>2.171593</angle>
    </robndbox>
  </object>
  <object>
    <type>robndbox</type>
    <name>person</name>
    <pose>Unspecified</pose>
    <truncated>0</truncated>
    <difficult>0</difficult>
    <robndbox>
      <cx>1863.5</cx>
      <cy>341.3864</cy>
      <w>21.0</w>
      <h>31.0</h>
      <angle>0.0</angle>
    </robndbox>
  </object>
  <object>
    <type>robndbox</type>
    <name>person</name>
    <pose>Unspecified</pose>
    <truncated>0</truncated>
    <difficult>0</difficult>
    <robndbox>
      <cx>1886.5</cx>
      <cy>291.3864</cy>
      <w>19.0</w>
      <h>29.0</h>
      <angle>0.0</angle>
    </robndbox>
  </object>
  <object>
    <type>robndbox</type>
    <name>ignored</name>
    <pose>Unspecified</pose>
    <truncated>0</truncated>
    <difficult>0</difficult>
    <robndbox>
      <cx>1792.5</cx>
      <cy>620.8864</cy>
      <w>55.0</w>
      <h>374.0</h>
      <angle>0.0</angle>
    </robndbox>
  </object>
  <object>
    <type>robndbox</type>
    <name>ignored</name>
    <pose>Unspecified</pose>
    <truncated>0</truncated>
    <difficult>0</difficult>
    <robndbox>
      <cx>1722.1363</cx>
      <cy>854.8104</cy>
      <w>122.8904</w>
      <h>53.1875</h>
      <angle>2.441593</angle>
    </robndbox>
  </object>
  <object>
    <type>robndbox</type>
    <name>motor</name>
    <pose>Unspecified</pose>
    <truncated>0</truncated>
    <difficult>0</difficult>
    <robndbox>
      <cx>1738.0</cx>
      <cy>891.8864</cy>
      <w>52.0</w>
      <h>42.0</h>
      <angle>0.0</angle>
    </robndbox>
  </object>
  <object>
    <type>robndbox</type>
    <name>motor</name>
    <pose>Unspecified</pose>
    <truncated>0</truncated>
    <difficult>0</difficult>
    <robndbox>
      <cx>1429.0</cx>
      <cy>951.3864</cy>
      <w>36.0</w>
      <h>47.0</h>
      <angle>0.0</angle>
    </robndbox>
  </object>
  <object>
    <type>robndbox</type>
    <name>motor</name>
    <pose>Unspecified</pose>
    <truncated>0</truncated>
    <difficult>0</difficult>
    <robndbox>
      <cx>1588.5</cx>
      <cy>962.8864</cy>
      <w>43.0</w>
      <h>38.0</h>
      <angle>0.0</angle>
    </robndbox>
  </object>
  <object>
    <type>robndbox</type>
    <name>person</name>
    <pose>Unspecified</pose>
    <truncated>0</truncated>
    <difficult>0</difficult>
    <robndbox>
      <cx>1635.0</cx>
      <cy>981.3864</cy>
      <w>28.0</w>
      <h>41.0</h>
      <angle>0.0</angle>
    </robndbox>
  </object>
  <object>
    <type>robndbox</type>
    <name>person</name>
    <pose>Unspecified</pose>
    <truncated>0</truncated>
    <difficult>0</difficult>
    <robndbox>
      <cx>1669.0</cx>
      <cy>982.8864</cy>
      <w>24.0</w>
      <h>46.0</h>
      <angle>0.0</angle>
    </robndbox>
  </object>
  <object>
    <type>robndbox</type>
    <name>person</name>
    <pose>Unspecified</pose>
    <truncated>0</truncated>
    <difficult>0</difficult>
    <robndbox>
      <cx>1702.5</cx>
      <cy>1000.3864</cy>
      <w>23.0</w>
      <h>37.0</h>
      <angle>0.0</angle>
    </robndbox>
  </object>
  <object>
    <type>robndbox</type>
    <name>person</name>
    <pose>Unspecified</pose>
    <truncated>0</truncated>
    <difficult>0</difficult>
    <robndbox>
      <cx>1794.5</cx>
      <cy>1077.3864</cy>
      <w>21.0</w>
      <h>41.0</h>
      <angle>0.0</angle>
    </robndbox>
  </object>
  <object>
    <type>robndbox</type>
    <name>person</name>
    <pose>Unspecified</pose>
    <truncated>0</truncated>
    <difficult>0</difficult>
    <robndbox>
      <cx>1801.5</cx>
      <cy>1169.3864</cy>
      <w>21.0</w>
      <h>41.0</h>
      <angle>0.0</angle>
    </robndbox>
  </object>
  <object>
    <type>robndbox</type>
    <name>person</name>
    <pose>Unspecified</pose>
    <truncated>0</truncated>
    <difficult>0</difficult>
    <robndbox>
      <cx>1788.5</cx>
      <cy>1209.3864</cy>
      <w>21.0</w>
      <h>41.0</h>
      <angle>0.0</angle>
    </robndbox>
  </object>
  <object>
    <type>robndbox</type>
    <name>person</name>
    <pose>Unspecified</pose>
    <truncated>0</truncated>
    <difficult>0</difficult>
    <robndbox>
      <cx>1855.5</cx>
      <cy>1163.3864</cy>
      <w>21.0</w>
      <h>41.0</h>
      <angle>0.0</angle>
    </robndbox>
  </object>
  <object>
    <type>robndbox</type>
    <name>motor</name>
    <pose>Unspecified</pose>
    <truncated>0</truncated>
    <difficult>0</difficult>
    <robndbox>
      <cx>1831.5</cx>
      <cy>1030.8864</cy>
      <w>29.0</w>
      <h>44.0</h>
      <angle>0.0</angle>
    </robndbox>
  </object>
  <object>
    <type>robndbox</type>
    <name>person</name>
    <pose>Unspecified</pose>
    <truncated>0</truncated>
    <difficult>0</difficult>
    <robndbox>
      <cx>1852.5</cx>
      <cy>1400.3864</cy>
      <w>21.0</w>
      <h>41.0</h>
      <angle>0.0</angle>
    </robndbox>
  </object>
  <object>
    <type>robndbox</type>
    <name>person</name>
    <pose>Unspecified</pose>
    <truncated>0</truncated>
    <difficult>0</difficult>
    <robndbox>
      <cx>1722.5</cx>
      <cy>1503.3864</cy>
      <w>25.0</w>
      <h>55.0</h>
      <angle>0.0</angle>
    </robndbox>
  </object>
  <object>
    <type>robndbox</type>
    <name>person</name>
    <pose>Unspecified</pose>
    <truncated>0</truncated>
    <difficult>0</difficult>
    <robndbox>
      <cx>1773.0</cx>
      <cy>1449.3864</cy>
      <w>26.0</w>
      <h>49.0</h>
      <angle>0.0</angle>
    </robndbox>
  </object>
  <object>
    <type>robndbox</type>
    <name>person</name>
    <pose>Unspecified</pose>
    <truncated>0</truncated>
    <difficult>0</difficult>
    <robndbox>
      <cx>1814.0</cx>
      <cy>1489.3864</cy>
      <w>20.0</w>
      <h>47.0</h>
      <angle>0.0</angle>
    </robndbox>
  </object>
  <object>
    <type>robndbox</type>
    <name>person</name>
    <pose>Unspecified</pose>
    <truncated>0</truncated>
    <difficult>0</difficult>
    <robndbox>
      <cx>1799.0</cx>
      <cy>1535.3864</cy>
      <w>20.0</w>
      <h>47.0</h>
      <angle>0.0</angle>
    </robndbox>
  </object>
  <object>
    <type>robndbox</type>
    <name>person</name>
    <pose>Unspecified</pose>
    <truncated>0</truncated>
    <difficult>0</difficult>
    <robndbox>
      <cx>1684.0</cx>
      <cy>1583.3864</cy>
      <w>20.0</w>
      <h>47.0</h>
      <angle>0.0</angle>
    </robndbox>
  </object>
  <object>
    <type>robndbox</type>
    <name>person</name>
    <pose>Unspecified</pose>
    <truncated>0</truncated>
    <difficult>0</difficult>
    <robndbox>
      <cx>1760.0</cx>
      <cy>1647.8864</cy>
      <w>24.0</w>
      <h>52.0</h>
      <angle>0.0</angle>
    </robndbox>
  </object>
  <object>
    <type>robndbox</type>
    <name>motor</name>
    <pose>Unspecified</pose>
    <truncated>0</truncated>
    <difficult>0</difficult>
    <robndbox>
      <cx>1763.7989</cx>
      <cy>1717.2921</cy>
      <w>37.5476</w>
      <h>62.7084</h>
      <angle>0.3</angle>
    </robndbox>
  </object>
  <object>
    <type>robndbox</type>
    <name>motor</name>
    <pose>Unspecified</pose>
    <truncated>0</truncated>
    <difficult>0</difficult>
    <robndbox>
      <cx>1836.0703</cx>
      <cy>1727.5857</cy>
      <w>33.5419</w>
      <h>65.3654</h>
      <angle>0.2</angle>
    </robndbox>
  </object>
  <object>
    <type>robndbox</type>
    <name>motor</name>
    <pose>Unspecified</pose>
    <truncated>0</truncated>
    <difficult>0</difficult>
    <robndbox>
      <cx>1820.6561</cx>
      <cy>1804.7489</cy>
      <w>35.9645</w>
      <h>60.5066</h>
      <angle>0.4</angle>
    </robndbox>
  </object>
  <object>
    <type>robndbox</type>
    <name>motor</name>
    <pose>Unspecified</pose>
    <truncated>0</truncated>
    <difficult>0</difficult>
    <robndbox>
      <cx>1762.256</cx>
      <cy>1821.8186</cy>
      <w>41.9115</w>
      <h>67.0877</h>
      <angle>0.57</angle>
    </robndbox>
  </object>
  <object>
    <type>robndbox</type>
    <name>motor</name>
    <pose>Unspecified</pose>
    <truncated>0</truncated>
    <difficult>0</difficult>
    <robndbox>
      <cx>1769.0</cx>
      <cy>1772.8864</cy>
      <w>32.0</w>
      <h>46.0</h>
      <angle>0.41</angle>
    </robndbox>
  </object>
  <object>
    <type>robndbox</type>
    <name>motor</name>
    <pose>Unspecified</pose>
    <truncated>0</truncated>
    <difficult>0</difficult>
    <robndbox>
      <cx>1714.0</cx>
      <cy>1763.8864</cy>
      <w>36.0</w>
      <h>60.0</h>
      <angle>0.36</angle>
    </robndbox>
  </object>
  <object>
    <type>robndbox</type>
    <name>motor</name>
    <pose>Unspecified</pose>
    <truncated>0</truncated>
    <difficult>0</difficult>
    <robndbox>
      <cx>1690.0</cx>
      <cy>1817.8864</cy>
      <w>36.0</w>
      <h>60.0</h>
      <angle>0.37</angle>
    </robndbox>
  </object>
  <object>
    <type>robndbox</type>
    <name>motor</name>
    <pose>Unspecified</pose>
    <truncated>0</truncated>
    <difficult>0</difficult>
    <robndbox>
      <cx>2424.5747</cx>
      <cy>1769.0549</cy>
      <w>84.2638</w>
      <h>44.6146</h>
      <angle>2.81</angle>
    </robndbox>
  </object>
  <object>
    <type>robndbox</type>
    <name>motor</name>
    <pose>Unspecified</pose>
    <truncated>0</truncated>
    <difficult>0</difficult>
    <robndbox>
      <cx>2924.3417</cx>
      <cy>1340.9184</cy>
      <w>31.3104</w>
      <h>58.0676</h>
      <angle>2.641593</angle>
    </robndbox>
  </object>
  <object>
    <type>robndbox</type>
    <name>motor</name>
    <pose>Unspecified</pose>
    <truncated>0</truncated>
    <difficult>0</difficult>
    <robndbox>
      <cx>2780.0</cx>
      <cy>1087.8925</cy>
      <w>31.317</w>
      <h>48.9821</h>
      <angle>2.641593</angle>
    </robndbox>
  </object>
  <object>
    <type>robndbox</type>
    <name>motor</name>
    <pose>Unspecified</pose>
    <truncated>0</truncated>
    <difficult>0</difficult>
    <robndbox>
      <cx>2905.5624</cx>
      <cy>954.3615</cy>
      <w>29.0131</w>
      <h>36.0951</h>
      <angle>0.11</angle>
    </robndbox>
  </object>
  <object>
    <type>robndbox</type>
    <name>person</name>
    <pose>Unspecified</pose>
    <truncated>0</truncated>
    <difficult>0</difficult>
    <robndbox>
      <cx>2822.0</cx>
      <cy>1104.8925</cy>
      <w>26.0</w>
      <h>46.0</h>
      <angle>0.0</angle>
    </robndbox>
  </object>
  <object>
    <type>robndbox</type>
    <name>person</name>
    <pose>Unspecified</pose>
    <truncated>0</truncated>
    <difficult>0</difficult>
    <robndbox>
      <cx>2839.5</cx>
      <cy>923.8925</cy>
      <w>25.0</w>
      <h>30.0</h>
      <angle>0.0</angle>
    </robndbox>
  </object>
  <object>
    <type>robndbox</type>
    <name>person</name>
    <pose>Unspecified</pose>
    <truncated>0</truncated>
    <difficult>0</difficult>
    <robndbox>
      <cx>2875.5</cx>
      <cy>942.8925</cy>
      <w>27.0</w>
      <h>34.0</h>
      <angle>0.0</angle>
    </robndbox>
  </object>
  <object>
    <type>robndbox</type>
    <name>person</name>
    <pose>Unspecified</pose>
    <truncated>0</truncated>
    <difficult>0</difficult>
    <robndbox>
      <cx>2891.5</cx>
      <cy>902.8925</cy>
      <w>27.0</w>
      <h>34.0</h>
      <angle>0.0</angle>
    </robndbox>
  </object>
  <object>
    <type>robndbox</type>
    <name>person</name>
    <pose>Unspecified</pose>
    <truncated>0</truncated>
    <difficult>0</difficult>
    <robndbox>
      <cx>2960.5</cx>
      <cy>881.8925</cy>
      <w>27.0</w>
      <h>34.0</h>
      <angle>0.0</angle>
    </robndbox>
  </object>
  <object>
    <type>robndbox</type>
    <name>motor</name>
    <pose>Unspecified</pose>
    <truncated>0</truncated>
    <difficult>0</difficult>
    <robndbox>
      <cx>2980.5811</cx>
      <cy>946.3</cy>
      <w>38.4897</w>
      <h>31.1479</h>
      <angle>0.11</angle>
    </robndbox>
  </object>
  <object>
    <type>robndbox</type>
    <name>motor</name>
    <pose>Unspecified</pose>
    <truncated>0</truncated>
    <difficult>0</difficult>
    <robndbox>
      <cx>3234.5811</cx>
      <cy>911.3</cy>
      <w>38.4897</w>
      <h>31.1479</h>
      <angle>0.11</angle>
    </robndbox>
  </object>
  <object>
    <type>robndbox</type>
    <name>motor</name>
    <pose>Unspecified</pose>
    <truncated>0</truncated>
    <difficult>0</difficult>
    <robndbox>
      <cx>3025.1618</cx>
      <cy>952.2535</cy>
      <w>38.4897</w>
      <h>31.1479</h>
      <angle>0.11</angle>
    </robndbox>
  </object>
  <object>
    <type>robndbox</type>
    <name>person</name>
    <pose>Unspecified</pose>
    <truncated>0</truncated>
    <difficult>0</difficult>
    <robndbox>
      <cx>3154.5</cx>
      <cy>955.8864</cy>
      <w>27.0</w>
      <h>34.0</h>
      <angle>0.0</angle>
    </robndbox>
  </object>
  <object>
    <type>robndbox</type>
    <name>traffic-light</name>
    <pose>Unspecified</pose>
    <truncated>0</truncated>
    <difficult>0</difficult>
    <robndbox>
      <cx>2400.5</cx>
      <cy>952.2917</cy>
      <w>57.0</w>
      <h>63.0</h>
      <angle>0.0</angle>
    </robndbox>
  </object>
  <object>
    <type>robndbox</type>
    <name>traffic-light</name>
    <pose>Unspecified</pose>
    <truncated>0</truncated>
    <difficult>0</difficult>
    <robndbox>
      <cx>2651.0</cx>
      <cy>994.2796</cy>
      <w>198.0</w>
      <h>158.9758</h>
      <angle>0.0</angle>
    </robndbox>
  </object>
  <object>
    <type>robndbox</type>
    <name>traffic-light</name>
    <pose>Unspecified</pose>
    <truncated>0</truncated>
    <difficult>0</difficult>
    <robndbox>
      <cx>1903.5</cx>
      <cy>1221.2917</cy>
      <w>79.0</w>
      <h>131.0</h>
      <angle>0.0</angle>
    </robndbox>
  </object>
  <object>
    <type>robndbox</type>
    <name>traffic-light</name>
    <pose>Unspecified</pose>
    <truncated>0</truncated>
    <difficult>0</difficult>
    <robndbox>
      <cx>1932.5</cx>
      <cy>1052.7917</cy>
      <w>61.0</w>
      <h>108.0</h>
      <angle>0.0</angle>
    </robndbox>
  </object>
  <object>
    <type>robndbox</type>
    <name>traffic-light</name>
    <pose>Unspecified</pose>
    <truncated>0</truncated>
    <difficult>0</difficult>
    <robndbox>
      <cx>2138.5</cx>
      <cy>1579.7917</cy>
      <w>289.0</w>
      <h>162.0</h>
      <angle>0.0</angle>
    </robndbox>
  </object>
  <object>
    <type>robndbox</type>
    <name>traffic-light</name>
    <pose>Unspecified</pose>
    <truncated>0</truncated>
    <difficult>0</difficult>
    <robndbox>
      <cx>2412.5</cx>
      <cy>1596.2917</cy>
      <w>105.0</w>
      <h>141.0</h>
      <angle>0.0</angle>
    </robndbox>
  </object>
  <object>
    <type>robndbox</type>
    <name>traffic-light</name>
    <pose>Unspecified</pose>
    <truncated>0</truncated>
    <difficult>0</difficult>
    <robndbox>
      <cx>2887.5</cx>
      <cy>1279.2796</cy>
      <w>69.0</w>
      <h>154.9758</h>
      <angle>0.0</angle>
    </robndbox>
  </object>
  <object>
    <type>robndbox</type>
    <name>traffic-light</name>
    <pose>Unspecified</pose>
    <truncated>0</truncated>
    <difficult>1</difficult>
    <robndbox>
      <cx>3003.0</cx>
      <cy>1496.3113</cy>
      <w>116.0</w>
      <h>363.0</h>
      <angle>0.0</angle>
    </robndbox>
  </object>
</annotation>
