<annotation verified="no">
  <folder>image</folder>
  <filename>night_jimeibudao_30m_30c__frame_2850</filename>
  <path>D:\roLabelImg\image\night_jimeibudao_30m_30c__frame_2850.jpg</path>
  <source>
    <database>Unknown</database>
  </source>
  <size>
    <width>3840</width>
    <height>2160</height>
    <depth>3</depth>
  </size>
  <segmented>0</segmented>
  <object>
    <type>robndbox</type>
    <name>person</name>
    <pose>Unspecified</pose>
    <truncated>0</truncated>
    <difficult>0</difficult>
    <robndbox>
      <cx>1131.0</cx>
      <cy>1145.3113</cy>
      <w>46.0</w>
      <h>47.0</h>
      <angle>0.01</angle>
    </robndbox>
  </object>
  <object>
    <type>robndbox</type>
    <name>motor</name>
    <pose>Unspecified</pose>
    <truncated>0</truncated>
    <difficult>0</difficult>
    <robndbox>
      <cx>1127.5</cx>
      <cy>1187.8113</cy>
      <w>49.0</w>
      <h>50.0</h>
      <angle>0.0</angle>
    </robndbox>
  </object>
  <object>
    <type>robndbox</type>
    <name>car</name>
    <pose>Unspecified</pose>
    <truncated>0</truncated>
    <difficult>0</difficult>
    <robndbox>
      <cx>2207.0282</cx>
      <cy>1095.7615</cy>
      <w>100.089</w>
      <h>125.2563</h>
      <angle>2.951593</angle>
    </robndbox>
  </object>
  <object>
    <type>robndbox</type>
    <name>car</name>
    <pose>Unspecified</pose>
    <truncated>0</truncated>
    <difficult>0</difficult>
    <robndbox>
      <cx>2034.4506</cx>
      <cy>692.7928</cy>
      <w>73.9122</w>
      <h>78.6481</h>
      <angle>2.901593</angle>
    </robndbox>
  </object>
  <object>
    <type>robndbox</type>
    <name>car</name>
    <pose>Unspecified</pose>
    <truncated>0</truncated>
    <difficult>0</difficult>
    <robndbox>
      <cx>1963.9159</cx>
      <cy>828.1742</cy>
      <w>88.9862</w>
      <h>101.751</h>
      <angle>2.951593</angle>
    </robndbox>
  </object>
  <object>
    <type>robndbox</type>
    <name>car</name>
    <pose>Unspecified</pose>
    <truncated>0</truncated>
    <difficult>0</difficult>
    <robndbox>
      <cx>1923.5</cx>
      <cy>645.8113</cy>
      <w>67.5327</w>
      <h>70.5148</h>
      <angle>2.951593</angle>
    </robndbox>
  </object>
  <object>
    <type>robndbox</type>
    <name>car</name>
    <pose>Unspecified</pose>
    <truncated>0</truncated>
    <difficult>0</difficult>
    <robndbox>
      <cx>2074.9032</cx>
      <cy>169.1841</cy>
      <w>95.5086</w>
      <h>42.4086</h>
      <angle>0.03</angle>
    </robndbox>
  </object>
  <object>
    <type>robndbox</type>
    <name>truck</name>
    <pose>Unspecified</pose>
    <truncated>0</truncated>
    <difficult>0</difficult>
    <robndbox>
      <cx>1879.0</cx>
      <cy>113.8113</cy>
      <w>38.0</w>
      <h>44.0</h>
      <angle>0.0</angle>
    </robndbox>
  </object>
  <object>
    <type>robndbox</type>
    <name>car</name>
    <pose>Unspecified</pose>
    <truncated>0</truncated>
    <difficult>0</difficult>
    <robndbox>
      <cx>1565.3701</cx>
      <cy>100.3403</cy>
      <w>40.0517</w>
      <h>39.4098</h>
      <angle>1.841593</angle>
    </robndbox>
  </object>
  <object>
    <type>robndbox</type>
    <name>car</name>
    <pose>Unspecified</pose>
    <truncated>0</truncated>
    <difficult>0</difficult>
    <robndbox>
      <cx>1564.4153</cx>
      <cy>61.3868</cy>
      <w>33.8828</w>
      <h>43.6982</h>
      <angle>1.841593</angle>
    </robndbox>
  </object>
  <object>
    <type>robndbox</type>
    <name>traffic-sign</name>
    <pose>Unspecified</pose>
    <truncated>0</truncated>
    <difficult>0</difficult>
    <robndbox>
      <cx>3039.6987</cx>
      <cy>1337.936</cy>
      <w>58.2611</w>
      <h>52.8562</h>
      <angle>1.651593</angle>
    </robndbox>
  </object>
  <object>
    <type>robndbox</type>
    <name>traffic-sign</name>
    <pose>Unspecified</pose>
    <truncated>0</truncated>
    <difficult>0</difficult>
    <robndbox>
      <cx>2874.9672</cx>
      <cy>1142.7151</cy>
      <w>64.9857</w>
      <h>70.6636</h>
      <angle>0.3</angle>
    </robndbox>
  </object>
  <object>
    <type>robndbox</type>
    <name>traffic-sign</name>
    <pose>Unspecified</pose>
    <truncated>0</truncated>
    <difficult>0</difficult>
    <robndbox>
      <cx>2513.8824</cx>
      <cy>731.9648</cy>
      <w>206.6669</w>
      <h>157.871</h>
      <angle>3.131593</angle>
    </robndbox>
  </object>
  <object>
    <type>robndbox</type>
    <name>traffic-sign</name>
    <pose>Unspecified</pose>
    <truncated>0</truncated>
    <difficult>0</difficult>
    <robndbox>
      <cx>2157.2315</cx>
      <cy>312.6669</cy>
      <w>117.3054</w>
      <h>112.7608</h>
      <angle>3.121593</angle>
    </robndbox>
  </object>
  <object>
    <type>robndbox</type>
    <name>traffic-sign</name>
    <pose>Unspecified</pose>
    <truncated>0</truncated>
    <difficult>0</difficult>
    <robndbox>
      <cx>2046.2315</cx>
      <cy>70.641</cy>
      <w>26.8847</w>
      <h>32.8849</h>
      <angle>3.121593</angle>
    </robndbox>
  </object>
  <object>
    <type>robndbox</type>
    <name>traffic-sign</name>
    <pose>Unspecified</pose>
    <truncated>0</truncated>
    <difficult>0</difficult>
    <robndbox>
      <cx>1772.0972</cx>
      <cy>599.8939</cy>
      <w>139.1373</w>
      <h>73.757</h>
      <angle>3.071593</angle>
    </robndbox>
  </object>
</annotation>
